,original,matches,match_count
0,"Abdnor, James",[],0
1,"Abdnor, James",[],0
2,"Abercrombie, Neil",['Neil Abercrombie'],1
3,"Abercrombie, Neil",['Neil Abercrombie'],1
4,"Abourezk, James",[],0
5,"Abourezk, James",[],0
6,"Abraham, Ralph Lee",[],0
7,"Abraham, Spencer",[],0
8,"Abzug, Bella S.",[],0
9,"Acevedo-Vila, Anibal",[],0
10,"Ackerman, Gary L.",[],0
11,"Adams, Alma S.",[],0
12,"Adams, Brock",[],0
13,"Adams, Brock",[],0
14,"Adams, Sandy",['Sandy Adams'],1
15,"Addabbo, Joseph P.",[],0
16,"Aderholt, Robert B.",[],0
17,"Adler, John H.",['John Adler'],1
18,"Aguilar, Pete",['Pete Aguilar'],1
19,"Aiken, George",[],0
20,"Akaka, Daniel K.",[],0
21,"Akaka, Daniel K.",[],0
22,"Akin, W. Todd",['Todd Akin'],1
23,"Albert, Carl",[],0
24,"Albosta, Donald J.",[],0
25,"Alexander, Bill",['Paul Alexander'],1
26,"Alexander, Lamar",['Lamar Alexander'],1
27,"Alexander, Rodney",['Rodney Alexander'],1
28,"Alford, Mark",['Mark Alford'],1
29,"Allard, Wayne",['Wayne Allard'],1
30,"Allard, Wayne",['Wayne Allard'],1
31,"Allen, Clifford R.",[],0
32,"Allen, George",['George Allen'],1
33,"Allen, George",['George Allen'],1
34,"Allen, James B.",[],0
35,"Allen, Maryon",[],0
36,"Allen, Rick W.",['Rick Allen'],1
37,"Allen, Thomas H.",['Thomas Allen'],1
38,"Allred, Colin Z.",[],0
39,"Alsobrooks, Angela D.",[],0
40,"Altmire, Jason",['Jason Altmire'],1
41,"Amash, Justin",['Justin Amash'],1
42,"Ambro, Jerome A.",[],0
43,"Ammerman, Joseph S.",[],0
44,"Amo, Gabe",['Gabe Amo'],1
45,"Amodei, Mark E.",[],0
46,"Anderson, Glenn M.",[],0
47,"Anderson, John B.",[],0
48,"Anderson, Wendell R.",[],0
49,"Andrews, Ike",[],0
50,"Andrews, Mark",[],0
51,"Andrews, Mark",[],0
52,"Andrews, Michael",['Michael Andrews'],1
53,"Andrews, Robert E.",[],0
54,"Andrews, Thomas H.",['Thomas Andrews'],1
55,"Annunzio, Frank",[],0
56,"Ansari, Yassamin",['Yassamin Ansari'],1
57,"Anthony, Beryl, Jr.",[],0
58,"Applegate, Douglas",['Douglas Applegate'],1
59,"Archer, Bill",['Bill Archer'],1
60,"Arcuri, Michael A.",[],0
61,"Arends, Leslie C.",[],0
62,"Armey, Richard K.",[],0
63,"Armstrong, Kelly",['Kelly Armstrong'],1
64,"Armstrong, William L.",[],0
65,"Armstrong, William L.",[],0
66,"Arrington, Jodey C.",[],0
67,"Ashbrook, Jean",[],0
68,"Ashbrook, John M.",[],0
69,"Ashcroft, John",['John Ashcroft'],1
70,"Ashford, Brad",['Brad Ashford'],1
71,"Ashley, Thomas L.",[],0
72,"Aspin, Les",['Les Aspin'],1
73,"Atkins, Chester G.",[],0
74,"Atkinson, Eugene V.",[],0
75,"Auchincloss, Jake",['Jake Auchincloss'],1
76,"AuCoin, Les",['Les AuCoin'],1
77,"Austria, Steve",['Steve Austria'],1
78,"Axne, Cynthia",[],0
79,"Ayotte, Kelly",['Kelly Ayotte'],1
80,"Babin, Brian",['Brian Babin'],1
81,"Baca, Joe",['Joe Bock'],1
82,"Bacchus, Jim",['Jim Bacchus'],1
83,"Bachmann, Michele",['Michele Bachmann'],1
84,"Bachus, Spencer",['Spencer Bachus'],1
85,"Bacon, Don",['Dan Becan'],1
86,"Badham, Robert E.",[],0
87,"Badillo, Herman",[],0
88,"Baesler, Scotty",[],0
89,"Bailey, Donald A.",[],0
90,"Bailey, Wendell",[],0
91,"Baird, Brian",['Brian Baird'],1
92,"Baird, James R.",[],0
93,"Baker, Bill",[],0
94,"Baker, Howard H., Jr.",[],0
95,"Baker, LaMar",[],0
96,"Baker, Richard H.",['Richard Baker'],1
97,"Baldacci, John Elias",[],0
98,"Balderson, Troy",['Troy Balderson'],1
99,"Baldus, Alvin J.",[],0
100,"Baldwin, Tammy",['Tammy Baldwin'],1
101,"Baldwin, Tammy",['Tammy Baldwin'],1
102,"Balint, Becca",['Becca Balint'],1
103,"Ballance, Frank W., Jr.","['Frank Ballance, Jr.']",1
104,"Ballenger, Cass",['Cass Ballenger'],1
105,"Banks, Jim",['Jim Banks'],1
106,"Banks, Jim",['Jim Banks'],1
107,"Barber, Ron",['Ron Barber'],1
108,"Barca, Peter",['Peter Barca'],1
109,"Barcia, James A.",[],0
110,"Barkley, Dean M.",[],0
111,"Barletta, Lou",['Lou Barletta'],1
112,"Barlow, Tom",[],0
113,"Barnard, Doug, Jr.",[],0
114,"Barnes, Michael D.",[],0
115,"Barr, Andy",['Andy Barr'],1
116,"Barr, Bob",['Bibie Boerio'],1
117,"Barragán, Nanette Diaz",[],0
118,"Barrasso, John",['John Barrasso'],1
119,"Barrett, Bill",['Bill Barrett'],1
120,"Barrett, J. Gresham",['J. Gresham Barrett'],1
121,"Barrett, Thomas M.",[],0
122,"Barrett, Tom",['Tom Barrett'],1
123,"Barrett, William A.",[],0
124,"Barrett, William A.",[],0
125,"Barrow, John",['John Barrow'],1
126,"Bartlett, Dewey F.",[],0
127,"Bartlett, Roscoe G.",[],0
128,"Bartlett, Steve",[],0
129,"Barton, Joe",['Joe Barton'],1
130,"Bass, Charles F.",[],0
131,"Bass, Charles F.",[],0
132,"Bass, Karen",['Karen Bass'],1
133,"Bateman, Herbert H.",[],0
134,"Bates, Jim",[],0
135,"Baucus, Max",['Max Baucus'],1
136,"Baucus, Max",['Max Baucus'],1
137,"Bauman, Robert E.",[],0
138,"Baumgartner, Michael",['Michael Baumgartner'],1
139,"Bayh, Birch",[],0
140,"Bayh, Evan",['Evan Bayh'],1
141,"Beall, J. Glenn, Jr.",[],0
142,"Beall, J. Glenn, Jr.",[],0
143,"Bean, Aaron",['Aaron Bean'],1
144,"Bean, Melissa L.",[],0
145,"Beard, Edward",[],0
146,"Beard, Robin",['Robin Barrett'],1
147,"Beatty, Joyce",['Joyce Beatty'],1
148,"Beauprez, Bob",['Bob Beauprez'],1
149,"Becerra, Xavier",['Xavier Becerra'],1
150,"Bedell, Berkley W.",[],0
151,"Begich, Mark",['Mark Begich'],1
152,"Begich, Nicholas J.",[],0
153,"Beilenson, Anthony C.",[],0
154,"Bell, Alphonzo",[],0
155,"Bell, Chris",['Chris Bell'],1
156,"Bell, Wesley",['Wesley Bell'],1
157,"Bellmon, Henry L.",[],0
158,"Benedict, Cleve",[],0
159,"Benishek, Dan",['Dan Benishek'],1
160,"Benitez, Jamie",[],0
161,"Benjamin, Adam, Jr.",[],0
162,"Bennet, Michael F.",[],0
163,"Bennett, Charles E.",[],0
164,"Bennett, Robert F.",[],0
165,"Bennett, Wallace F.",[],0
166,"Bentivolio, Kerry L.",[],0
167,"Bentley, Helen Delich",['Helen Delich Bentley'],1
168,"Bentsen, Ken",[],0
169,"Bentsen, Lloyd M.",[],0
170,"Bentsen, Lloyd M.",[],0
171,"Bentz, Cliff",['Cliff Bentz'],1
172,"Bera, Ami",['Ami Bera'],1
173,"Bereuter, Doug",[],0
174,"Berg, Rick",['Rick Berg'],1
175,"Bergland, Bob",[],0
176,"Bergman, Jack",['Jack Bergman'],1
177,"Berkley, Shelley",['Shelley Berkley'],1
178,"Berman, Howard L.",[],0
179,"Berry, Marion",['Marion Berry'],1
180,"Bethune, Ed",[],0
181,"Bevill, Tom",['Tom Bevill'],1
182,"Beyer, Donald S.",[],0
183,"Biaggi, Mario",[],0
184,"Bible, Alan",[],0
185,"Bice, Stephanie I.",[],0
186,"Biden, Joseph R., Jr.",[],0
187,"Biester, Edward G., Jr.",[],0
188,"Biggert, Judy",['Judy Biggert'],1
189,"Biggs, Andy",['Andy Biggs'],1
190,"Biggs, Sheri",['Sheri Biggs'],1
191,"Bilbray, Brian P.",[],0
192,"Bilbray, Brian P.",[],0
193,"Bilbray, James H.",['James Bilbray'],1
194,"Bilirakis, Gus M.",[],0
195,"Bilirakis, Michael",['Michael Bilirakis'],1
196,"Bingaman, Jeff",['Jeff Bingaman'],1
197,"Bingham, Jonathan B.",[],0
198,"Bishop, Dan",['Dan Bishop'],1
199,"Bishop, Mike",['Mike Bishop'],1
200,"Bishop, Rob",['Rob Bishop'],1
201,"Bishop, Sanford D.",[],0
202,"Bishop, Timothy H.",[],0
203,"Black, Diane",['Diane Black'],1
204,"Blackburn, Ben",[],0
205,"Blackburn, Marsha",['Marsha Blackburn'],1
206,"Blackburn, Marsha",['Marsha Blackburn'],1
207,"Blackwell, Lucien E.",[],0
208,"Blagojevich, Rod R.",[],0
209,"Blanchard, James",[],0
210,"Blatnik, John Anton",[],0
211,"Blaz, Ben G.",[],0
212,"Bliley, Tom",[],0
213,"Blouin, Michael",[],0
214,"Blum, Rod",['Rod Blum'],1
215,"Blumenauer, Earl",['Earl Blumenauer'],1
216,"Blumenthal, Richard",['Richard Blumenthal'],1
217,"Blunt Rochester, Lisa",[],0
218,"Blunt Rochester, Lisa",[],0
219,"Blunt, Roy",['Roy Blunt'],1
220,"Blunt, Roy",['Roy Blunt'],1
221,"Blute, Peter I.",[],0
222,"Boccieri, John A.",[],0
223,"Boebert, Lauren",['Lauren Boebert'],1
224,"Boehlert, Sherwood",['Sherwood Boehlert'],1
225,"Boehner, John A.",[],0
226,"Boland, Edward P.",[],0
227,"Bolling, Richard",[],0
228,"Bonamici, Suzanne",['Suzanne Bonamici'],1
229,"Bond, Christopher S.",[],0
230,"Boner, William H.",[],0
231,"Bonilla, Henry",['Henry Bonilla'],1
232,"Bonior, David E.",[],0
233,"Bonker, Don",[],0
234,"Bonner, Jo",['Jay Bonner'],1
235,"Bono Mack, Mary",[],0
236,"Bono, Sonny",['Sonny Bono'],1
237,"Booker, Cory A.",[],0
238,"Boozman, John",['John Boozman'],1
239,"Boozman, John",['John Boozman'],1
240,"Bordallo, Madeleine Z.",[],0
241,"Boren, Dan",['Dan Boren'],1
242,"Boren, David L.",[],0
243,"Borski, Robert A.",[],0
244,"Boschwitz, Rudy",['Rudy Boschwitz'],1
245,"Bosco, Douglas H.",[],0
246,"Bost, Mike",['Mike Bost'],1
247,"Boswell, Leonard L.",[],0
248,"Boucher, Rick",['Rick Boucher'],1
249,"Boulter, Beau",['Beau Boulter'],1
250,"Bourdeaux, Carolyn",['Carolyn Bourdeaux'],1
251,"Boustany, Charles W., Jr.","['Charles Boustany, Jr.']",1
252,"Bowen, David R.",[],0
253,"Bowman, Jamaal",['Jamaal Bowman'],1
254,"Boxer, Barbara",['Barbara Boxer'],1
255,"Boxer, Barbara",['Barbara Boxer'],1
256,"Boyd, Allen",['Alan Pyeatt'],1
257,"Boyda, Nancy E.",[],0
258,"Boyle, Brendan F.",[],0
259,"Brademas, John",[],0
260,"Bradley, Bill",[],0
261,"Bradley, Jeb",['Jeb Bradley'],1
262,"Brady, Kevin",['Kevin Brady'],1
263,"Brady, Nicholas",[],0
264,"Brady, Robert A.",[],0
265,"Braley, Bruce L.",[],0
266,"Brasco, Frank",[],0
267,"Brat, Dave",['Dave Brat'],1
268,"Braun, Mike",['Mike Braun'],1
269,"Bray, William G.",[],0
270,"Breaux, John B.",[],0
271,"Breaux, John B.",[],0
272,"Brecheen, Josh",['Josh Brecheen'],1
273,"Breckinridge, John B.",[],0
274,"Brennan, Joseph E.",[],0
275,"Bresnahan, Robert P.",[],0
276,"Brewster, Bill K.",[],0
277,"Bridenstine, Jim",['Jim Bridenstine'],1
278,"Bright, Bobby",['Bobby Bright'],1
279,"Brindisi, Anthony",['Anthony Brindisi'],1
280,"Brinkley, Jack",[],0
281,"Britt, Katie Boyd",['Katie Boyd Britt'],1
282,"Britt, Robin",['Robin Barrett'],1
283,"Brock, Bill",['Bill Brock'],1
284,"Brock, Bill",['Bill Brock'],1
285,"Brodhead, William",[],0
286,"Brooke, Edward W.",[],0
287,"Brooks, Jack B.",[],0
288,"Brooks, Mo",['Mo Brooks'],1
289,"Brooks, Susan W.",['Susan Brooks'],1
290,"Broomfield, William S.",[],0
291,"Brotzman, Donald G.",[],0
292,"Brotzman, Donald G.",[],0
293,"Broun, Paul C.",[],0
294,"Browder, Glen",['Glen Browder'],1
295,"Brown, Anthony G.",[],0
296,"Brown, Clarence, Jr.",[],0
297,"Brown, Corrine",['Corrine Brown'],1
298,"Brown, Garry E.",[],0
299,"Brown, George E., Jr.",[],0
300,"Brown, George E., Jr.",[],0
301,"Brown, Hank",[],0
302,"Brown, Hank",[],0
303,"Brown, Henry E., Jr.",[],0
304,"Brown, Scott P.",[],0
305,"Brown, Sherrod",['Sherrod Brown'],1
306,"Brown, Sherrod",['Sherrod Brown'],1
307,"Brown, Shontel M.",[],0
308,"Brown-Waite, Ginny",['Ginny Brown-Waite'],1
309,"Brownback, Sam",['Sam Brownback'],1
310,"Brownback, Sam",['Sam Brownback'],1
311,"Brownley, Julia",['Julia Brownley'],1
312,"Broyhill, James T.",[],0
313,"Broyhill, James T.",[],0
314,"Broyhill, Joel T.",[],0
315,"Bruce, Terry L.",[],0
316,"Bryan, Richard H.",['Richard Bryan'],1
317,"Bryant, Ed",['Ed Bryant'],1
318,"Bryant, John W.",['John Bryant'],1
319,"Buchanan, John",[],0
320,"Buchanan, Vern",['Vern Buchanan'],1
321,"Buck, Ken",['Ken Buck'],1
322,"Buckley, James L.",[],0
323,"Bucshon, Larry",['Larry Bucshon'],1
324,"Budd, Ted",['Ted Budd'],1
325,"Budd, Ted",['Ted Budd'],1
326,"Budzinski, Nikki",['Nikki Budzinski'],1
327,"Buechner, Jack",[],0
328,"Buerkle, Ann Marie",['Ann Marie Buerkle'],1
329,"Bumpers, Dale",['Dale Bumpers'],1
330,"Bunn, Jim",['Jim Bunn'],1
331,"Bunning, Jim",['Jim Bunning'],1
332,"Bunning, Jim",['Jim Bunning'],1
333,"Burchett, Tim",['Tim Burchett'],1
334,"Burdick, Jocelyn",[],0
335,"Burdick, Quentin N.",[],0
336,"Burgener, Clair W.",[],0
337,"Burgess, Michael C.",[],0
338,"Burke, J. Herbert",[],0
339,"Burke, James A.",[],0
340,"Burke, Yvonne B.",[],0
341,"Burleson, Omar",[],0
342,"Burlison, Bill D.",[],0
343,"Burlison, Eric",['Eric Burlison'],1
344,"Burns, Conrad R.",[],0
345,"Burns, Max",['Max Burns'],1
346,"Burr, Richard",['Richard Burr'],1
347,"Burr, Richard",['Richard Burr'],1
348,"Burris, Roland",[],0
349,"Burton, Dan",['Dan Burton'],1
350,"Burton, John",['Johnny Partain'],1
351,"Burton, Phillip",[],0
352,"Burton, Sala",[],0
353,"Bush, Cori",['Cori Bush'],1
354,"Bustamante, Albert G.",[],0
355,"Bustos, Cheri",['Cheri Bustos'],1
356,"Butler, Laphonza R.",[],0
357,"Butler, M. Caldwell",[],0
358,"Butterfield, G. K.",[],0
359,"Buyer, Steve",['Steve Buyer'],1
360,"Bynum, Janelle S.",[],0
361,"Byrd, Harry F., Jr.",[],0
362,"Byrd, Robert C.",[],0
363,"Byrd, Robert C.",[],0
364,"Byrne, Bradley",['Bradley Byrne'],1
365,"Byrne, Leslie L.",[],0
366,"Byron, Beverly B.",[],0
367,"Byron, Goodloe E.",[],0
368,"Callahan, Sonny",[],0
369,"Calvert, Ken",['Ken Calvert'],1
370,"Cammack, Kat",['Kat Cammack'],1
371,"Camp, Dave",['Dave Camp'],1
372,"Camp, John N. Happy",[],0
373,"Campbell, Ben Nighthorse",[],0
374,"Campbell, Ben Nighthorse",[],0
375,"Campbell, Carroll A., Jr.",[],0
376,"Campbell, John",['John Kimble'],1
377,"Campbell, Tom",['Tom Campbell'],1
378,"Campbell, Tom",['Tom Campbell'],1
379,"Canady, Charles T.",[],0
380,"Cannon, Chris",['Chris Cannon'],1
381,"Cannon, Howard W.",[],0
382,"Cantor, Eric",['Eric Cantor'],1
383,"Cantwell, Maria",['Maria Cantwell'],1
384,"Cantwell, Maria",['Maria Cantwell'],1
385,"Capito, Shelley Moore",[],0
386,"Capito, Shelley Moore",[],0
387,"Capps, Lois",['Lois Capps'],1
388,"Capps, Walter",[],0
389,"Capuano, Michael E.",[],0
390,"Caputo, Bruce F.",[],0
391,"Caraveo, Yadira",['Yadira Caraveo'],1
392,"Carbajal, Salud O.",[],0
393,"Cárdenas, Tony",['Tony Cárdenas'],1
394,"Cardin, Benjamin L.",[],0
395,"Cardin, Benjamin L.",[],0
396,"Cardoza, Dennis A.",[],0
397,"Carey, Hugh L.",[],0
398,"Carey, Mike",['Mike Carey'],1
399,"Carl, Jerry L.",[],0
400,"Carman, Gregory W.",[],0
401,"Carnahan, Jean",['Jean Carnahan'],1
402,"Carnahan, Russ",['Russ Carnahan'],1
403,"Carney, Charles J.",[],0
404,"Carney, Christopher P.",[],0
405,"Carney, John C., Jr.",[],0
406,"Carney, William",['William Greene'],1
407,"Carper, Thomas R.",[],0
408,"Carper, Thomas R.",[],0
409,"Carr, Bob",['Bob Carr'],1
410,"Carr, Bob",['Bob Carr'],1
411,"Carson, André",['André Carson'],1
412,"Carson, Brad",['Brad Carson'],1
413,"Carson, Julia",['Julia Carson'],1
414,"Carter, John R.",[],0
415,"Carter, Tim Lee",[],0
416,"Carter, Troy A.",[],0
417,"Cartwright, Matt",['Matt Cartwright'],1
418,"Casar, Greg",['Greg Casar'],1
419,"Case, Clifford P.",[],0
420,"Case, Clifford P.",[],0
421,"Case, Ed",['Ed Case'],1
422,"Case, Ed",['Ed Case'],1
423,"Casey, Bob",[],0
424,"Casey, Robert P., Jr.",[],0
425,"Cassidy, Bill",['Bill Cassidy'],1
426,"Cassidy, Bill",['Bill Cassidy'],1
427,"Casten, Sean",['Sean Casten'],1
428,"Castle, Michael N.",[],0
429,"Castor, Kathy",['Kathy Castor'],1
430,"Castro, Joaquin",['Joaquin Castro'],1
431,"Cavanaugh, John J.",[],0
432,"Cawthorn, Madison",['Madison Cawthorn'],1
433,"Cazayoux, Donald J., Jr.",[],0
434,"Cederberg, Elford A.",[],0
435,"Chabot, Steve",['Steve Chabot'],1
436,"Chabot, Steve",['Steve Chabot'],1
437,"Chafee, John H.",['John Chafee'],1
438,"Chafee, Lincoln",['Lincoln Chafee'],1
439,"Chaffetz, Jason",['Jason Chaffetz'],1
440,"Chamberlain, Charles E.",[],0
441,"Chambliss, Saxby",['Saxby Chambliss'],1
442,"Chambliss, Saxby",['Saxby Chambliss'],1
443,"Chandler, Ben",[],0
444,"Chandler, Rod D.",[],0
445,"Chapman, Jim",['Jim Chapman'],1
446,"Chappell, Bill, Jr.",[],0
447,"Chappie, Eugene A.",[],0
448,"Chavez-DeRemer, Lori",['Lori Chavez-DeRemer'],1
449,"Cheney, Dick",[],0
450,"Cheney, Liz",['Liz Cheney'],1
451,"Chenoweth-Hage, Helen",['Helen Chenoweth-Hage'],1
452,"Cherfilus-McCormick, Sheila",['Sheila Cherfilus-McCormick'],1
453,"Chiesa, Jeff",[],0
454,"Childers, Travis",['Travis Childers'],1
455,"Chiles, Lawton",[],0
456,"Chisholm, Shirley",[],0
457,"Chocola, Chris",['Chris Chocola'],1
458,"Christensen, Donna M.",[],0
459,"Christensen, Jon",[],0
460,"Chrysler, Dick",['Dick Chrysler'],1
461,"Chu, Judy",['Judy Chu'],1
462,"Church, Frank",[],0
463,"Cicilline, David N.",[],0
464,"Ciscomani, Juan",['Juan Ciscomani'],1
465,"Cisneros, Gilbert Ray",[],0
466,"Cisneros, Gilbert Ray",[],0
467,"Clancy, Donald D.",[],0
468,"Clark, Dick",[],0
469,"Clark, Frank M.",[],0
470,"Clark, Katherine M.",[],0
471,"Clarke, Hansen",['Hansen Clarke'],1
472,"Clarke, James McC.",[],0
473,"Clarke, James McC.",[],0
474,"Clarke, Yvette D.",[],0
475,"Clausen, Don H.",[],0
476,"Clawson, Curt",['Curt Clawson'],1
477,"Clawson, Del",[],0
478,"Clay, Wm. Lacy",[],0
479,"Clayton, Eva M.",[],0
480,"Cleaver, Emanuel",[],0
481,"Cleland, Max",[],0
482,"Clement, Bob",[],0
483,"Cleveland, James C.",[],0
484,"Cline, Ben",['Ben Cline'],1
485,"Clinger, William F., Jr.",[],0
486,"Clinton, Hillary Rodham",[],0
487,"Cloud, Michael",['Michael Cloud'],1
488,"Clyburn, James E.",[],0
489,"Clyde, Andrew S.",[],0
490,"Coats, Daniel",[],0
491,"Coats, Daniel",[],0
492,"Coats, Daniel",[],0
493,"Cobey, William W.",[],0
494,"Coble, Howard",['Howard Coble'],1
495,"Coburn, Tom",[],0
496,"Coburn, Tom",[],0
497,"Cochran, Thad",['Thad Cochran'],1
498,"Cochran, Thad",['Thad Cochran'],1
499,"Coelho, Anthony Lee",[],0
500,"Coffman, Mike",[],0
501,"Cohen, Steve",['Steve Cohen'],1
502,"Cohen, William S.",[],0
503,"Cohen, William S.",[],0
504,"Cole, Tom",['Tom Cole'],1
505,"Coleman, E. Thomas",[],0
506,"Coleman, Norm",['Norm Coleman'],1
507,"Coleman, Ronald D.",[],0
508,"Collier, Harold R.",[],0
509,"Collins, Barbara-Rose",['Barbara-Rose Collins'],1
510,"Collins, Cardiss",['Cardiss Collins'],1
511,"Collins, Chris",['Chris Collins'],1
512,"Collins, Doug",['Doug Collins'],1
513,"Collins, James M.",[],0
514,"Collins, Mac",[],0
515,"Collins, Mike",['Mike Collins'],1
516,"Collins, Susan M.",[],0
517,"Colorado, Antonio",[],0
518,"Combest, Larry",['Larry Combest'],1
519,"Comer, James",[],0
520,"Comstock, Barbara",['Barbara Comstock'],1
521,"Conable, Barber B., Jr.",[],0
522,"Conaway, Herbert C.",[],0
523,"Conaway, K. Michael",[],0
524,"Condit, Gary A.",[],0
525,"Conlan, John B.",[],0
526,"Connolly, Gerald E.",[],0
527,"Conrad, Kent",['Kent Conrad'],1
528,"Conte, Silvio O.",[],0
529,"Conway, Connie",['Connie Conway'],1
530,"Conyers, John, Jr.","['John Conyers, Jr.']",1
531,"Cook, Marlow W.",[],0
532,"Cook, Merrill",['Merrill Cook'],1
533,"Cook, Paul","['Paul  W. Cook', 'Paul Cook']",2
534,"Cooksey, John",['John Cooksey'],1
535,"Cooley, Wes",['Wes Cooley'],1
536,"Coons, Christopher A.",[],0
537,"Cooper, Jim",['Jim Cooper'],1
538,"Cooper, Jim",['Jim Cooper'],1
539,"Coppersmith, Sam",['Sam Coppersmith'],1
540,"Corcoran, Tom",[],0
541,"Corker, Bob",[],0
542,"Corman, James C.",[],0
543,"Cornell, Robert J.",[],0
544,"Cornwell, David L.",[],0
545,"Cornyn, John",['John Cornyn'],1
546,"Corrada, Baltasar",[],0
547,"Correa, J. Luis",[],0
548,"Cortez Masto, Catherine",[],0
549,"Corzine, Jon S.",[],0
550,"Costa, Jim",['Jim Costa'],1
551,"Costello, Jerry F.",[],0
552,"Costello, Ryan A.",[],0
553,"Cotter, William R.",[],0
554,"Cotton, Norris",[],0
555,"Cotton, Norris",[],0
556,"Cotton, Tom",['Tom Cotton'],1
557,"Cotton, Tom",['Tom Cotton'],1
558,"Coughlin, Lawrence",[],0
559,"Courter, Jim",[],0
560,"Courtney, Joe",['Joe Courtney'],1
561,"Coverdell, Paul",['Paul Coverdell'],1
562,"Cowan, William M.",[],0
563,"Cox, Christopher",['Christopher Cox'],1
564,"Cox, John W., Jr.","['John Cox, Jr.']",1
565,"Cox, TJ",[],0
566,"Coyne, James K.",[],0
567,"Coyne, William J.",[],0
568,"Craig, Angie",['Angie Craig'],1
569,"Craig, Larry E.",[],0
570,"Craig, Larry E.",[],0
571,"Cramer, Kevin",['Kevin Cramer'],1
572,"Cramer, Kevin",['Kevin Cramer'],1
573,"Crane, Daniel B.",[],0
574,"Crane, Elijah",[],0
575,"Crane, Philip M.",[],0
576,"Crank, Jeff",['Jeff Crank'],1
577,"Cranston, Alan",[],0
578,"Crapo, Mike",['Mike Crapo'],1
579,"Crapo, Mike",['Mike Crapo'],1
580,"Cravaack, Chip",['Chip Cravaack'],1
581,"Cremeans, Frank A.",[],0
582,"Crenshaw, Ander",['Ander Crenshaw'],1
583,"Crenshaw, Dan",['Dan Crenshaw'],1
584,"Crist, Charlie",[],0
585,"Critz, Mark S.",[],0
586,"Crockett, George W., Jr.",[],0
587,"Crockett, Jasmine",['Jasmine Crockett'],1
588,"Cronin, Paul W.",['Paul Cronin'],1
589,"Crow, Jason",['Jason Crow'],1
590,"Crowley, Joseph",[],0
591,"Cruz, Ted",['Ted Cruz'],1
592,"Cubin, Barbara",['Barbara Cubin'],1
593,"Cuellar, Henry",['Henry Cuellar'],1
594,"Culberson, John Abney",[],0
595,"Culver, John C.",[],0
596,"Culver, John C.",[],0
597,"Cummings, Elijah E.",[],0
598,"Cunningham, Joe",['Joe Cunningham'],1
599,"Curbelo, Carlos",['Carlos Curbelo'],1
600,"Curson, David Alan",[],0
601,"Curtis, Carl T.",[],0
602,"Curtis, Carl T.",[],0
603,"Curtis, John R.",[],0
604,"Curtis, John R.",[],0
605,"D'Amato, Alfonse","[""Alfonse D'Amato""]",1
606,"D'Amours, Norman E.",[],0
607,"D'Esposito, Anthony","[""Anthony D'Esposito""]",1
608,"Dahlkemper, Kathleen A.",[],0
609,"Daines, Steve",['Steve Daines'],1
610,"Daines, Steve",['Steve Daines'],1
611,"Danforth, John C.",[],0
612,"Daniel, Robert W., Jr.",[],0
613,"Daniels, Dominick V.",[],0
614,"Danielson, George E.",[],0
615,"Dannemeyer, William E.",[],0
616,"Danner, Pat",[],0
617,"Daschle, Thomas A.",[],0
618,"Daschle, Thomas A.",[],0
619,"Daub, Hal",[],0
620,"Davids, Sharice",['Sharice Davids'],1
621,"Davidson, Warren",['Warren Davidson'],1
622,"Davis, Artur",['Artur Davis'],1
623,"Davis, Danny K.",[],0
624,"Davis, David",['David Davis'],1
625,"Davis, Donald G.",[],0
626,"Davis, Geoff",['Geoff Davis'],1
627,"Davis, Glenn R.",[],0
628,"Davis, Glenn R.",[],0
629,"Davis, Jack",['Jack Davis'],1
630,"Davis, Jim",['Jim Davis'],1
631,"Davis, Jo Ann",['Jo Ann Davis'],1
632,"Davis, John W.",['John Davis'],1
633,"Davis, Lincoln",['Lincoln Davis'],1
634,"Davis, Mendel J.",[],0
635,"Davis, Robert W.",['Robert Davis'],1
636,"Davis, Rodney",['Rodney Davis'],1
637,"Davis, Susan A.",[],0
638,"Davis, Tom",['Tim Davis'],1
639,"Dayton, Mark",['Mark Dayton'],1
640,"De La Cruz, Monica",[],0
641,"de la Garza, E.",[],0
642,"de Lugo, Ron",[],0
643,"de Lugo, Ron",[],0
644,"Deal, Nathan",['Nathan Deal'],1
645,"Dean, Madeleine",['Madeleine Dean'],1
646,"Deckard, Joel",['Joel Deckard'],1
647,"DeConcini, Dennis",[],0
648,"DeFazio, Peter A.",[],0
649,"DeGette, Diana",['Diana DeGette'],1
650,"Delahunt, Bill",['Bill Delahunt'],1
651,"Delaney, James J.",[],0
652,"Delaney, John K.",[],0
653,"DeLauro, Rosa L.",[],0
654,"DeLay, Tom",[],0
655,"DelBene, Suzan K.",[],0
656,"Delgado, Antonio",['Antonio Delgado'],1
657,"Dellenback, John",[],0
658,"Dellums, Ronald V.",[],0
659,"Deluzio, Christopher R.",[],0
660,"Demings, Val Butler",[],0
661,"DeMint, Jim",[],0
662,"DeMint, Jim",[],0
663,"DeNardis, Lawrence J.",[],0
664,"Denham, Jeff",['Jeff Denham'],1
665,"Denholm, Frank E.",[],0
666,"Dennis, David W.",[],0
667,"Dent, Charles W.",[],0
668,"Dent, John H.",[],0
669,"Denton, Jeremiah",[],0
670,"Derrick, Butler C.",[],0
671,"Derwinski, Edward J.",[],0
672,"DeSantis, Ron",['Ron DeSantis'],1
673,"DeSaulnier, Mark",['Mark DeSaulnier'],1
674,"DesJarlais, Scott",['Scott DesJarlais'],1
675,"Deutch, Theodore E.",[],0
676,"Deutsch, Peter",['Peter Deutsch'],1
677,"Devine, Samuel L.",[],0
678,"DeWine, Mike",['Mike DeWine'],1
679,"DeWine, Mike",['Mike DeWine'],1
680,"Dexter, Maxine",['Maxine Dexter'],1
681,"Diaz-Balart, Lincoln",['Lincoln Diaz-Balart'],1
682,"Diaz-Balart, Mario",['Mario Diaz-Balart'],1
683,"Dickey, Jay",['Jay Dickey'],1
684,"Dickinson, William L.",[],0
685,"Dicks, Norman D.",[],0
686,"Diggs, Charles C., Jr.",[],0
687,"Dingell, Debbie",['Debbie Dingell'],1
688,"Dingell, John D.",[],0
689,"DioGuardi, Joseph J.",[],0
690,"Dixon, Alan J.",[],0
691,"Dixon, Julian C.",[],0
692,"Djou, Charles K.",[],0
693,"Dodd, Christopher J.",[],0
694,"Dodd, Christopher J.",[],0
695,"Doggett, Lloyd",[],0
696,"Dold, Robert J.",[],0
697,"Dold, Robert J.",[],0
698,"Dole, Elizabeth",['Elizabeth Dole'],1
699,"Dole, Robert J.",[],0
700,"Dole, Robert J.",[],0
701,"Domenici, Pete V.",[],0
702,"Dominick, Peter H.",[],0
703,"Dominick, Peter H.",[],0
704,"Donalds, Byron",['Byron Donalds'],1
705,"Donnelly, Brian J.",[],0
706,"Donnelly, Joe",[],0
707,"Donnelly, Joe",[],0
708,"Donohue, Harold D.",[],0
709,"Donovan, Daniel M., Jr.",[],0
710,"Dooley, Calvin M.",[],0
711,"Doolittle, John T.",[],0
712,"Dorgan, Byron L.",[],0
713,"Dorgan, Byron L.",[],0
714,"Dorn, William Jennings Bryan",[],0
715,"Dorn, William Jennings Bryan",[],0
716,"Dornan, Robert K.",[],0
717,"Dornan, Robert K.",[],0
718,"Dougherty, Charles F.",[],0
719,"Douglas, Chuck",[],0
720,"Dowdy, Wayne",[],0
721,"Downey, Thomas J.",[],0
722,"Downing, Thomas N.",[],0
723,"Downing, Troy",['Troy Downing'],1
724,"Doyle, Michael F.",[],0
725,"Drake, Thelma D.",[],0
726,"Dreier, David",['David Dreier'],1
727,"Driehaus, Steve",['Steve Driehaus'],1
728,"Drinan, Robert F.",[],0
729,"du Pont, Pierre S., IV",[],0
730,"Duarte, John S.",[],0
731,"Duckworth, Tammy",['Tammy Duckworth'],1
732,"Duckworth, Tammy",['Tammy Duckworth'],1
733,"Duffy, Sean P.",[],0
734,"Dulski, Thaddeus J.",[],0
735,"Duncan, Jeff",['Jeff Duncan'],1
736,"Duncan, John J.",[],0
737,"Duncan, John J., Jr.",[],0
738,"Duncan, Robert B.",[],0
739,"Duncan, Robert B.",[],0
740,"Dunn, Jennifer",['Jennifer Dunn'],1
741,"Dunn, Jim",[],0
742,"Dunn, Neal P.",[],0
743,"Durbin, Richard J.",[],0
744,"Durbin, Richard J.",[],0
745,"Durenberger, Dave",[],0
746,"Durkin, John A.",[],0
747,"Dwyer, Bernard J.",[],0
748,"Dymally, Mervyn M.",[],0
749,"Dyson, Roy",[],0
750,"Eagleton, Thomas F.",[],0
751,"Early, Joseph D.",[],0
752,"East, John P.",[],0
753,"Eastland, James O.",[],0
754,"Eckart, Dennis E.",[],0
755,"Eckert, Fred J.",[],0
756,"Eckhardt, Bob",[],0
757,"Edgar, Robert W.",[],0
758,"Edwards, Chet",['Chet Edwards'],1
759,"Edwards, Chuck",['Chuck Edwards'],1
760,"Edwards, Don",['Don Edwards'],1
761,"Edwards, Donna F.",[],0
762,"Edwards, Jack",[],0
763,"Edwards, John",['John Edwards'],1
764,"Edwards, Mickey",[],0
765,"Ehlers, Vernon J.",[],0
766,"Ehrlich, Robert L., Jr.",[],0
767,"Eilberg, Joshua",[],0
768,"Elfreth, Sarah",['Sarah Elfreth'],1
769,"Ellison, Keith",['Keith Ellison'],1
770,"Ellmers, Renee L.",[],0
771,"Ellsworth, Brad",['Brad Ellsworth'],1
772,"Ellzey, Jake",['Jake Ellzey'],1
773,"Emanuel, Rahm",['Rahm Emanuel'],1
774,"Emerson, Bill",['Bill Emerson'],1
775,"Emerson, Jo Ann",['Jo Ann Emerson'],1
776,"Emery, David F.",[],0
777,"Emmer, Tom",['Tom Emmer'],1
778,"Engel, Eliot L.",[],0
779,"English, Glenn",[],0
780,"English, Karan",['Karan English'],1
781,"English, Phil",[],0
782,"Ensign, John",['John Ensign'],1
783,"Ensign, John",['John Ensign'],1
784,"Enyart, William L.",[],0
785,"Enzi, Michael B.",[],0
786,"Erdahl, Arlen",[],0
787,"Erdreich, Ben",['Ben Erdreich'],1
788,"Erlenborn, John N.",[],0
789,"Ernst, Joni",['Joni Ernst'],1
790,"Ertel, Allen E.",[],0
791,"Ervin, Sam J., Jr.",[],0
792,"Ervin, Sam J., Jr.",[],0
793,"Esch, Marvin L.",[],0
794,"Escobar, Veronica",['Veronica Escobar'],1
795,"Eshleman, Edwin D.",[],0
796,"Eshoo, Anna G.",[],0
797,"Espaillat, Adriano",['Adriano Espaillat'],1
798,"Espy, Mike",['Mike Espy'],1
799,"Estes, Ron",['Ron Estes'],1
800,"Esty, Elizabeth H.",['Elizabeth Esty'],1
801,"Etheridge, Bob",['Bob Etheridge'],1
802,"Evans, Billy Lee",[],0
803,"Evans, Cooper",[],0
804,"Evans, Daniel J.",[],0
805,"Evans, David W.",[],0
806,"Evans, Dwight",['Dwight Evans'],1
807,"Evans, Frank E.",[],0
808,"Evans, Gabe",['Gabe Evans'],1
809,"Evans, Lane",['Lane Evans'],1
810,"Evans, Melvin H.",[],0
811,"Evans, Thomas B., Jr.",[],0
812,"Everett, Terry",['Terry Everett'],1
813,"Evins, Joe L.",[],0
814,"Ewing, Thomas W.",['Thomas Ewing'],1
815,"Exon, J. James",[],0
816,"Ezell, Mike",['Mike Ezell'],1
817,"Faircloth, Lauch",[],0
818,"Faleomavaega, Eni F. H.",[],0
819,"Fallin, Mary",['Mary Fallin'],1
820,"Fallon, Pat",['Pat Fallon'],1
821,"Fannin, Paul J.",[],0
822,"Farenthold, Blake",['Blake Farenthold'],1
823,"Farr, Sam",['Sam Farr'],1
824,"Fary, John G.",[],0
825,"Fascell, Dante B.",[],0
826,"Faso, John J.",[],0
827,"Fattah, Chaka",[],0
828,"Fauntroy, Walter E.",[],0
829,"Fawell, Harris W.",['Harris Fawell'],1
830,"Fazio, Vic",[],0
831,"Fedorchak, Julie",['Julie Fedorchak'],1
832,"Feeney, Tom",['Tom Feeney'],1
833,"Feenstra, Randy",['Randy Feenstra'],1
834,"Feighan, Edward F.",[],0
835,"Feingold, Russell D.",[],0
836,"Feinstein, Dianne",['Dianne Feinstein'],1
837,"Fenwick, Millicent H.",[],0
838,"Ferguson, A. Drew",[],0
839,"Ferguson, Mike",[],0
840,"Ferraro, Geraldine A.",[],0
841,"Fetterman, John",['John Fetterman'],1
842,"Fiedler, Bobbi",[],0
843,"Fields, Cleo",['Cleo Fields'],1
844,"Fields, Cleo",['Cleo Fields'],1
845,"Fields, Jack",[],0
846,"Figures, Shomari",['Shomari Figures'],1
847,"Filner, Bob",['Bob Filner'],1
848,"Fincher, Stephen Lee",[],0
849,"Findley, Paul",[],0
850,"Fine, Randy",['Randy Fine'],1
851,"Fingerhut, Eric D.",[],0
852,"Finkenauer, Abby",['Abby Finkenauer'],1
853,"Finstad, Brad",['Brad Finstad'],1
854,"Fischbach, Michelle",['Michelle Fischbach'],1
855,"Fischer, Deb",['Deb Fischer'],1
856,"Fish, Hamilton, Jr.","['Hamilton Fish, Jr.']",1
857,"Fisher, Joesph L.",[],0
858,"Fisher, O. C.",[],0
859,"Fithian, Floyd J.",[],0
860,"Fitzgerald, Peter",['Peter Fitzgerald'],1
861,"Fitzgerald, Scott",['Scott Fitzgerald'],1
862,"Fitzpatrick, Brian K.",[],0
863,"Fitzpatrick, Michael G.",[],0
864,"Fitzpatrick, Michael G.",[],0
865,"Flake, Floyd H.",['Floyd Flake'],1
866,"Flake, Jeff",['Jeff Flake'],1
867,"Flake, Jeff",['Jeff Flake'],1
868,"Flanagan, Michael Patrick",['Michael Patrick Flanagan'],1
869,"Fleming, John",[],0
870,"Fletcher, Ernie",[],0
871,"Fletcher, Lizzie",['Lizzie Fletcher'],1
872,"Flippo, Ronnie G.",[],0
873,"Flood, Daniel J.",[],0
874,"Flood, Daniel J.",[],0
875,"Flood, Daniel J.",[],0
876,"Flood, Mike",['Mike Flood'],1
877,"Flores, Bill",['Bill Flores'],1
878,"Flores, Mayra",['Mayra Flores'],1
879,"Florio, James J.",[],0
880,"Flowers, Walter",[],0
881,"Flynt, John J., Jr.",[],0
882,"Foglietta, Thomas M.",[],0
883,"Foley, Mark",['Mark Foley'],1
884,"Foley, Thomas S.",[],0
885,"Fong, Hiram L.",[],0
886,"Fong, Vince",['Vince Fong'],1
887,"Forbes, J. Randy",[],0
888,"Forbes, Michael P.",[],0
889,"Ford, Gerald R., Jr.",[],0
890,"Ford, Harold E.",[],0
891,"Ford, Harold E., Jr.",[],0
892,"Ford, Wendell H.",['Wendell Ford'],1
893,"Ford, William D.",[],0
894,"Forsythe, Edwin B.",[],0
895,"Fortenberry, Jeff",['Jeff Fortenberry'],1
896,"Fortuno, Luis G.",[],0
897,"Fossella, Vito",[],0
898,"Foster, Bill",['Bill Foster'],1
899,"Foster, Bill",['Bill Foster'],1
900,"Fountain, L. H.",[],0
901,"Foushee, Valerie P.",[],0
902,"Fowler, Tillie",['Tillie Fowler'],1
903,"Fowler, Wyche, Jr.","['Wyche Fowler, Jr.']",1
904,"Fowler, Wyche, Jr.","['Wyche Fowler, Jr.']",1
905,"Fox, Jon D.",[],0
906,"Foxx, Virginia",['Virginia Foxx'],1
907,"Frahm, Sheila",[],0
908,"Frank, Barney",['Barney Frank'],1
909,"Frankel, Lois",['Lois Frankel'],1
910,"Franken, Al",['Al Franken'],1
911,"Franklin, Scott",['Scott Franklin'],1
912,"Franklin, William W.",[],0
913,"Franks, Bob",[],0
914,"Franks, Gary A.",[],0
915,"Franks, Trent",['Trent Franks'],1
916,"Fraser, Donald M.",[],0
917,"Frazer, Victor O.",[],0
918,"Frelinghuysen, Peter H. B.",[],0
919,"Frelinghuysen, Rodney P.",[],0
920,"Frenzel, Bill",[],0
921,"Frey, Lou, Jr.",[],0
922,"Friedman, Laura",['Laura Friedman'],1
923,"Frisa, Dan",['Dan Frisa'],1
924,"Frist, William H.",['William Frist'],1
925,"Froehlich, Harold V.",[],0
926,"Frost, Martin",[],0
927,"Frost, Maxwell",['Maxwell Frost'],1
928,"Fry, Russell",['Russell Fry'],1
929,"Fudge, Marcia L.",[],0
930,"Fulbright, James",[],0
931,"Fulbright, James",[],0
932,"Fulbright, James",[],0
933,"Fulcher, Russ",['Russ Fulcher'],1
934,"Fulton, Richard",[],0
935,"Funderburk, David",['David Funderburk'],1
936,"Fuqua, Don",[],0
937,"Furse, Elizabeth",['Elizabeth Furse'],1
938,"Fuster, Jamie B.",[],0
939,"Gabbard, Tulsi",['Tulsi Gabbard'],1
940,"Gaetz, Matt",['Matt Gaetz'],1
941,"Gallagher, Mike",['Mike Gallagher'],1
942,"Gallegly, Elton",['Elton Gallegly'],1
943,"Gallego, Pete P.",[],0
944,"Gallego, Ruben",['Ruben Gallego'],1
945,"Gallego, Ruben",['Ruben Gallego'],1
946,"Gallo, Dean A.",[],0
947,"Gammage, Robert A.",[],0
948,"Ganske, Greg",[],0
949,"Garamendi, John",['John Garamendi'],1
950,"Garbarino, Andrew R.",[],0
951,"Garcia, Joe",['Joe Garcia'],1
952,"Garcia, Mike",['Mike Garcia'],1
953,"Garcia, Robert",['Robert Garcia'],1
954,"Garcia, Robert",['Robert Garcia'],1
955,"Garcia, Sylvia R.",[],0
956,"Gardner, Cory",['Cory Gardner'],1
957,"Gardner, Cory",['Cory Gardner'],1
958,"Garrett, Scott",['Scott Garrett'],1
959,"Garrett, Thomas A., Jr.",[],0
960,"Gaydos, Joseph M.",[],0
961,"Gejdenson, Sam",['Sam Gejdenson'],1
962,"Gekas, George W.",['George Gekas'],1
963,"Gephardt, Richard A.",[],0
964,"Geren, Pete",['Pete Geren'],1
965,"Gerlach, Jim",['Jim Gerlach'],1
966,"Gettys, Tom S.",[],0
967,"Giaimo, Robert N.",[],0
968,"Gianforte, Greg",['Greg Gianforte'],1
969,"Gibbons, Jim",['Jim Gibbons'],1
970,"Gibbons, Sam",['Sam Gibbons'],1
971,"Gibbs, Bob",['Bob Gibbs'],1
972,"Gibson, Christopher P.",[],0
973,"Giffords, Gabrielle",['Gabrielle Giffords'],1
974,"Gilchrest, Wayne T.",[],0
975,"Gill, Brandon",['Brandon Gill'],1
976,"Gillen, Laura",['Laura Gillen'],1
977,"Gillibrand, Kirsten E.",[],0
978,"Gillibrand, Kirsten E.",[],0
979,"Gillmor, Paul E.",[],0
980,"Gilman, Benjamin A.",[],0
981,"Gimenez, Carlos A.",[],0
982,"Gingrey, Phil",['Phil Gingrey'],1
983,"Gingrich, Newt",['Newt Gingrich'],1
984,"Ginn, Bo",[],0
985,"Glenn, John H., Jr.",[],0
986,"Glickman, Dan",['Dan Glickman'],1
987,"Gohmert, Louie",['Louie Gohmert'],1
988,"Golden, Jared F.",[],0
989,"Goldman, Craig A.",[],0
990,"Goldman, Daniel S.",[],0
991,"Goldwater, Barry",[],0
992,"Goldwater, Barry",[],0
993,"Goldwater, Barry, Jr.",[],0
994,"Gomez, Jimmy",['Jimmy Gomez'],1
995,"Gonzales, Tony",['Tony Gonzales'],1
996,"Gonzalez, Anthony",['Anthony Gonzalez'],1
997,"Gonzalez, Charles A.",[],0
998,"Gonzalez, Henry B.",[],0
999,"Gonzalez, Vicente",['Vicente Gonzalez'],1
1000,"González-Colón, Jenniffer",[],0
1001,"Good, Bob",[],0
1002,"Goode, Virgil H., Jr.","['Virgil Goode, Jr.']",1
1003,"Gooden, Lance",['Lance Gooden'],1
1004,"Goodlander, Maggie",['Maggie Goodlander'],1
1005,"Goodlatte, Bob",['Bob Goodlatte'],1
1006,"Goodling, George A.",[],0
1007,"Goodling, George A.",[],0
1008,"Goodling, William F.",[],0
1009,"Goodwin, Carte Patrick",[],0
1010,"Gordon, Bart",['Bart Gordon'],1
1011,"Gore, Albert, Jr.","['Albert Gore, Jr.']",1
1012,"Gore, Albert, Jr.","['Albert Gore, Jr.']",1
1013,"Gorton, Slade",['Slade Gorton'],1
1014,"Gorton, Slade",['Slade Gorton'],1
1015,"Gosar, Paul A.",[],0
1016,"Goss, Porter J.",[],0
1017,"Gottheimer, Josh",['Joshua Gottheimer'],1
1018,"Gowdy, Trey",[],0
1019,"Gradison, Willis D., Jr.",[],0
1020,"Graham, Bob",[],0
1021,"Graham, Gwen",['Gwen Graham'],1
1022,"Graham, Lindsey",['Lindsey Graham'],1
1023,"Graham, Lindsey",['Lindsey Graham'],1
1024,"Gramm, Phil",[],0
1025,"Gramm, Phil",[],0
1026,"Grams, Rod",[],0
1027,"Grams, Rod",[],0
1028,"Grandy, Fred",['Fred Grandy'],1
1029,"Granger, Kay",['Kay Granger'],1
1030,"Grant, Bill",['Bill Grant'],1
1031,"Grassley, Chuck",['Chuck Grassley'],1
1032,"Grassley, Chuck",['Chuck Grassley'],1
1033,"Grasso, Ella T.",[],0
1034,"Gravel, Mike",[],0
1035,"Graves, Garret",['Garret Graves'],1
1036,"Graves, Sam",['Sam Graves'],1
1037,"Graves, Tom",[],0
1038,"Gray, Adam",['Adam Gray'],1
1039,"Gray, Kenneth J.",[],0
1040,"Gray, Kenneth J.",[],0
1041,"Gray, William H., III",[],0
1042,"Grayson, Alan",['Alan Grayson'],1
1043,"Grayson, Alan",['Alan Grayson'],1
1044,"Green, Al",['Al Green'],1
1045,"Green, Edith",[],0
1046,"Green, Gene",['Gene Green'],1
1047,"Green, Mark",['Mark Green'],1
1048,"Green, Mark E.",[],0
1049,"Green, S. William",[],0
1050,"Green, William J.",[],0
1051,"Greene, Marjorie Taylor",[],0
1052,"Greenwood, James C.",[],0
1053,"Gregg, Judd",['Judd Gregg'],1
1054,"Gregg, Judd",['Judd Gregg'],1
1055,"Griffin, Robert P.",[],0
1056,"Griffin, Robert P.",[],0
1057,"Griffin, Tim",['Tim Griffin'],1
1058,"Griffith, H. Morgan",['Morgan Griffith'],1
1059,"Griffith, Parker",[],0
1060,"Griffiths, Martha W.",[],0
1061,"Grijalva, Raúl M.",[],0
1062,"Grimm, Michael G.",[],0
1063,"Grisham, Wayne R.",[],0
1064,"Gross, H. R.",[],0
1065,"Grotberg, John E.",[],0
1066,"Grothman, Glenn",['Glenn Grothman'],1
1067,"Grover, James R., Jr.",[],0
1068,"Grucci, Felix J., Jr.",[],0
1069,"Guarini, Frank J.",[],0
1070,"Gubser, Charles S.",[],0
1071,"Gude, Gilbert",[],0
1072,"Gudger, V. Lamar",[],0
1073,"Guest, Michael",['Michael Guest'],1
1074,"Guinta, Frank C.",[],0
1075,"Guinta, Frank C.",[],0
1076,"Gunderson, Steve",[],0
1077,"Gunter, Bill",[],0
1078,"Gurney, Edward J.",[],0
1079,"Gurney, Edward J.",[],0
1080,"Guthrie, Brett",['Brett Guthrie'],1
1081,"Gutierrez, Luis V.",[],0
1082,"Gutknecht, Gil",[],0
1083,"Guyer, Tennyson",[],0
1084,"Haaland, Debra A.",[],0
1085,"Hagan, Kay R.",[],0
1086,"Hagedorn, Jim",['Jim Hagedorn'],1
1087,"Hagedorn, Thomas M.",[],0
1088,"Hagel, Chuck",[],0
1089,"Hageman, Harriet M.",[],0
1090,"Hagerty, Bill",['Bill Hagerty'],1
1091,"Hahn, Janice",['Janice Hahn'],1
1092,"Haley, James A.",[],0
1093,"Hall, John J.",[],0
1094,"Hall, Katie",['Katie Hill'],1
1095,"Hall, Kwanza",['Kwanza Hall'],1
1096,"Hall, Ralph M.",[],0
1097,"Hall, Sam B., Jr.",[],0
1098,"Hall, Tim L.",[],0
1099,"Hall, Tony P.",[],0
1100,"Halvorson, Deborah L.",[],0
1101,"Hamadeh, Abraham J.",[],0
1102,"Hamburg, Dan",[],0
1103,"Hamilton, Lee H.",['Lee Hamilton'],1
1104,"Hammerschmidt, John P.",[],0
1105,"Hanabusa, Colleen",['Colleen Hanabusa'],1
1106,"Hance, Kent R.",[],0
1107,"Hancock, Mel",[],0
1108,"Handel, Karen C.",[],0
1109,"Hanley, James M.",[],0
1110,"Hanna, Richard L.",[],0
1111,"Hanna, Richard T.",[],0
1112,"Hannaford, Mark W.",[],0
1113,"Hanrahan, Robert P.",[],0
1114,"Hansen, Clifford P.",[],0
1115,"Hansen, George V.",[],0
1116,"Hansen, George V.",[],0
1117,"Hansen, James V.",[],0
1118,"Hansen, Julia Butler",[],0
1119,"Hansen, Orval",[],0
1120,"Harder, Josh",['Josh Harder'],1
1121,"Hardy, Cresent",['Cresent Hardy'],1
1122,"Hare, Phil",['Phil Hare'],1
1123,"Haridopolos, Mike",['Mike Haridopolos'],1
1124,"Harkin, Tom",['Tom Harkin'],1
1125,"Harkin, Tom",['Tom Harkin'],1
1126,"Harman, Jane",['Jane Harman'],1
1127,"Harman, Jane",['Jane Harman'],1
1128,"Harper, Gregg",['Gregg Harper'],1
1129,"Harrigan, Pat",[],0
1130,"Harrington, Michael J.",[],0
1131,"Harris, Andy",['Andy Harris'],1
1132,"Harris, Claude",[],0
1133,"Harris, Herbert E., II",[],0
1134,"Harris, Kamala D.",[],0
1135,"Harris, Katherine",['Katherine Harris'],1
1136,"Harris, Mark",['Mark Harris'],1
1137,"Harrison, Frank",[],0
1138,"Harsha, William H.",[],0
1139,"Harshbarger, Diana",['Diana Harshbarger'],1
1140,"Hart, Gary W.",['Gary Hardy'],1
1141,"Hart, Melissa A.",[],0
1142,"Hart, Philip A.",[],0
1143,"Hartke, Vance",[],0
1144,"Hartnett, Thomas F.",[],0
1145,"Hartzler, Vicky",['Vicky Hartzler'],1
1146,"Harvey, James",[],0
1147,"Haskell, Floyd K.",[],0
1148,"Hassan, Margaret Wood",[],0
1149,"Hastert, J. Dennis",['J. Dennis Hastert'],1
1150,"Hastings, Alcee L.",[],0
1151,"Hastings, Doc",['Doc Hastings'],1
1152,"Hastings, James F.",[],0
1153,"Hatch, Orrin G.",[],0
1154,"Hatcher, Charles",[],0
1155,"Hatfield, Mark O.",[],0
1156,"Hatfield, Paul",[],0
1157,"Hathaway, William D.",[],0
1158,"Hathaway, William D.",[],0
1159,"Hawkins, Augustus F.",[],0
1160,"Hawkins, Paula",[],0
1161,"Hawley, Josh",['Josh Hawley'],1
1162,"Hayakawa, Samuel Ichiye",[],0
1163,"Hayes, Charles A.",[],0
1164,"Hayes, Jahana",['Jahana Hayes'],1
1165,"Hayes, James A.",[],0
1166,"Hayes, Philip H.",[],0
1167,"Hayes, Robin",[],0
1168,"Hays, Wayne L.",[],0
1169,"Hayworth, J. D.",[],0
1170,"Hayworth, Nan A. S.",[],0
1171,"Hebert, F. Edward",[],0
1172,"Hechler, Ken",['Ken Hechler'],1
1173,"Hecht, Chic",[],0
1174,"Heck, Denny",['Denny Heck'],1
1175,"Heck, Joseph J.",[],0
1176,"Heckler, Margaret M.",[],0
1177,"Hefley, Joel",['Joel Hefley'],1
1178,"Heflin, Howell",[],0
1179,"Heftel, Cecil",[],0
1180,"Heinrich, Martin",['Martin Heinrich'],1
1181,"Heinrich, Martin",['Martin Heinrich'],1
1182,"Heinz, John",[],0
1183,"Heinz, John",[],0
1184,"Heitkamp, Heidi",['Heidi Heitkamp'],1
1185,"Heller, Dean",['Dean Heller'],1
1186,"Heller, Dean",['Dean Heller'],1
1187,"Helms, Jesse",['Jesse Helms'],1
1188,"Helmy, George S.",[],0
1189,"Helstoski, Henry",[],0
1190,"Henderson, David N.",[],0
1191,"Hendon, Bill",[],0
1192,"Hendon, Bill",[],0
1193,"Henry, Paul B.",[],0
1194,"Hensarling, Jeb",['Jeb Hensarling'],1
1195,"Herger, Wally",[],0
1196,"Hern, Kevin",['Kevin Hern'],1
1197,"Hernández, Pablo Jose",[],0
1198,"Herrell, Yvette",['Yvette Herrell'],1
1199,"Herrera Beutler, Jaime",[],0
1200,"Herseth Sandlin, Stephanie",[],0
1201,"Hertel, Dennis M.",[],0
1202,"Hice, Jody B.",[],0
1203,"Hickenlooper, John W.",['John Hickenlooper'],1
1204,"Hicks, Floyd V.",[],0
1205,"Higgins, Brian",['Brian Higgins'],1
1206,"Higgins, Clay",['Clay Higgins'],1
1207,"Hightower, Jack E.",[],0
1208,"Hiler, John Patrick",[],0
1209,"Hill, Baron P.",[],0
1210,"Hill, Baron P.",[],0
1211,"Hill, J. French",[],0
1212,"Hill, Katie",['Katie Hill'],1
1213,"Hill, Rick",['Rick Hill'],1
1214,"Hilleary, Van",['Van Hilleary'],1
1215,"Hilliard, Earl F.",[],0
1216,"Hillis, Elwood H.",[],0
1217,"Himes, James A.",[],0
1218,"Hinchey, Maurice D.",[],0
1219,"Hinojosa, Ruben",[],0
1220,"Hinshaw, Andrew J.",[],0
1221,"Hinson, Ashley",['Ashley Hinson'],1
1222,"Hinson, Jon C.",[],0
1223,"Hirono, Mazie K.",[],0
1224,"Hirono, Mazie K.",[],0
1225,"Hoagland, Peter",['Peter Hoagland'],1
1226,"Hobson, David L.",[],0
1227,"Hochbrueckner, George J.",[],0
1228,"Hochul, Kathleen C.",[],0
1229,"Hodes, Paul W.",['Paul Hodes'],1
1230,"Hodges, Kaneaster, Jr.",[],0
1231,"Hoeffel, Joseph M.",[],0
1232,"Hoekstra, Peter",[],0
1233,"Hoeven, John",['John Hoeven'],1
1234,"Hogan, Lawrence J.",[],0
1235,"Hoke, Martin R.",[],0
1236,"Holden, Tim",['Tim Holden'],1
1237,"Holding, George",['George Holding'],1
1238,"Holifield, Chet",[],0
1239,"Holifield, Chet",[],0
1240,"Holland, Kenneth L.",[],0
1241,"Hollenbeck, Harold C.",[],0
1242,"Hollings, Ernest F.",[],0
1243,"Hollingsworth, Trey",[],0
1244,"Holloway, Clyde",['Clyde Holloway'],1
1245,"Holt, Marjorie S.",[],0
1246,"Holt, Rush",[],0
1247,"Holtzman, Elizabeth",[],0
1248,"Honda, Michael M.",[],0
1249,"Hooley, Darlene",['Darlene Hooley'],1
1250,"Hopkins, Larry J.",[],0
1251,"Horn, Joan Kelly",['Joan Kelly Horn'],1
1252,"Horn, Kendra S.",[],0
1253,"Horn, Stephen",['Stephen Horn'],1
1254,"Horsford, Steven",['Steven Horsford'],1
1255,"Horsford, Steven",['Steven Horsford'],1
1256,"Horton, Frank J.",[],0
1257,"Hosmer, Craig",[],0
1258,"Hostettler, John N.",[],0
1259,"Houchin, Erin",['Erin Houchin'],1
1260,"Houghton, Amo",[],0
1261,"Houlahan, Chrissy",['Chrissy Houlahan'],1
1262,"Howard, James J.",[],0
1263,"Howe, Allan",[],0
1264,"Hoyer, Steny H.",['Steny Hoyer'],1
1265,"Hoyle, Val T.",[],0
1266,"Hruska, Roman L.",[],0
1267,"Hubbard, Carroll, Jr.",[],0
1268,"Huber, Robert J.",[],0
1269,"Hudnut, William H., III",[],0
1270,"Hudson, Richard",[],0
1271,"Huelskamp, Tim",['Tim Huelskamp'],1
1272,"Huffington, Michael",['Michael Huffington'],1
1273,"Huffman, Jared",['Jared Huffman'],1
1274,"Hughes, Harold E.",[],0
1275,"Hughes, William J.",[],0
1276,"Huizenga, Bill",['Bill Huizenga'],1
1277,"Hulshof, Kenny C.",[],0
1278,"Hultgren, Randy",['Randy Hultgren'],1
1279,"Humphrey, Gordon J.",[],0
1280,"Humphrey, Hubert H.",[],0
1281,"Humphrey, Hubert H.",[],0
1282,"Humphrey, Muriel",[],0
1283,"Hungate, William L.",[],0
1284,"Hunt, John E.",[],0
1285,"Hunt, Wesley",['Wesley Hunt'],1
1286,"Hunter, Duncan",['Duncan Hunter'],1
1287,"Hunter, Duncan D.",[],0
1288,"Hurd, Jeff",['Jeff Hurd'],1
1289,"Hurd, Will",['Will Hurd'],1
1290,"Hurt, Robert",['Robert Hurt'],1
1291,"Husted, Jon",[],0
1292,"Hutchinson, Asa",['Asa Hutchinson'],1
1293,"Hutchinson, Edward",[],0
1294,"Hutchinson, John G.",[],0
1295,"Hutchinson, Tim",[],0
1296,"Hutchinson, Tim",[],0
1297,"Hutchison, Kay Bailey",[],0
1298,"Hutto, Earl",['Earl Hutto'],1
1299,"Hyde, Henry J.",[],0
1300,"Hyde-Smith, Cindy",['Cindy Hyde-Smith'],1
1301,"Ichord, Richard H.",[],0
1302,"Inglis, Bob",[],0
1303,"Inglis, Bob",[],0
1304,"Inhofe, James M.",[],0
1305,"Inhofe, James M.",[],0
1306,"Inouye, Daniel K.",[],0
1307,"Inouye, Daniel K.",[],0
1308,"Inslee, Jay",['Jay Inslee'],1
1309,"Inslee, Jay",['Jay Inslee'],1
1310,"Ireland, Andrew P.",[],0
1311,"Isakson, Johnny",['Johnny Isakson'],1
1312,"Isakson, Johnny",['Johnny Isakson'],1
1313,"Israel, Steve",['Steve Israel'],1
1314,"Issa, Darrell",['Darrell Issa'],1
1315,"Issa, Darrell",['Darrell Issa'],1
1316,"Istook, Ernest J., Jr.",[],0
1317,"Ivey, Glenn",['Glenn Ivey'],1
1318,"Jack, Brian",['Brian Jack'],1
1319,"Jackson Lee, Sheila",[],0
1320,"Jackson, Henry M.",[],0
1321,"Jackson, Henry M.",[],0
1322,"Jackson, Jeff",['Jeff Jackson'],1
1323,"Jackson, Jesse L., Jr.",[],0
1324,"Jackson, Jonathan L.",[],0
1325,"Jackson, Ronny",['Ronny Jackson'],1
1326,"Jacobs, Andrew, Jr.","['Andrew Jacobs, Jr.']",1
1327,"Jacobs, Andrew, Jr.","['Andrew Jacobs, Jr.']",1
1328,"Jacobs, Chris",['Chris Jacobs'],1
1329,"Jacobs, Sara",['Sara Jacobs'],1
1330,"James, Craig T.",[],0
1331,"James, John",['John James'],1
1332,"Janklow, William J.",[],0
1333,"Jarman, John",[],0
1334,"Javits, Jacob K.",[],0
1335,"Javits, Jacob K.",[],0
1336,"Jayapal, Pramila",['Pramila Jayapal'],1
1337,"Jefferson, William J.",[],0
1338,"Jeffords, James M.",[],0
1339,"Jeffords, James M.",[],0
1340,"Jeffries, Hakeem S.",[],0
1341,"Jeffries, Jim",[],0
1342,"Jenkins, Edgar L.",[],0
1343,"Jenkins, Evan H.",['Evan Jenkins'],1
1344,"Jenkins, Lynn",['Lynn Jenkins'],1
1345,"Jenkins, William L.",[],0
1346,"Jenrette, John W., Jr.",[],0
1347,"Jepsen, Roger W.",[],0
1348,"Jindal, Bobby",['Bobby Jindal'],1
1349,"Johanns, Mike",['Mike Johanns'],1
1350,"John, Christopher",['Christopher John'],1
1351,"Johnson, Albert W.",[],0
1352,"Johnson, Bill",['Bill Johnson'],1
1353,"Johnson, Don",['Don Johnson'],1
1354,"Johnson, Dusty",['Dusty Johnson'],1
1355,"Johnson, Eddie Bernice",[],0
1356,"Johnson, Harold T.",[],0
1357,"Johnson, Jay W.",['Jay Johnson'],1
1358,"Johnson, Julie",['Julie Johnson'],1
1359,"Johnson, Mike",['Mike Johnson'],1
1360,"Johnson, Nancy L.",[],0
1361,"Johnson, Ron",['Ron Johnson'],1
1362,"Johnson, Sam",['Sam Johnson'],1
1363,"Johnson, Tim",['Tim Johnson'],1
1364,"Johnson, Tim",['Tim Johnson'],1
1365,"Johnson, Timothy V.",[],0
1366,"Johnston, Harry",['Harry Johnston'],1
1367,"Johnston, J. Bennett",[],0
1368,"Jolly, David W.",['David Jolly'],1
1369,"Jones, Ben",['Ben Jones'],1
1370,"Jones, Brenda",['Brenda Jones'],1
1371,"Jones, Doug",['Doug Jones'],1
1372,"Jones, Ed",[],0
1373,"Jones, James R.",[],0
1374,"Jones, Mondaire",['Mondaire Jones'],1
1375,"Jones, Robert E., Jr.",[],0
1376,"Jones, Stephanie Tubbs",['Stephanie Tubbs Jones'],1
1377,"Jones, Walter B.",[],0
1378,"Jones, Walter B., Jr.",[],0
1379,"Jontz, Jim",[],0
1380,"Jordan, Barbara",[],0
1381,"Jordan, Jim",['Jim Jordan'],1
1382,"Joyce, David P.",[],0
1383,"Joyce, John",['John Joyce'],1
1384,"Justice, James C.",[],0
1385,"Kagen, Steve",['Steve Kagen'],1
1386,"Kahele, Kaiali'i",[],0
1387,"Kaine, Tim",['Tim Kaine'],1
1388,"Kamlager-Dove, Sydney",['Sydney Kamlager-Dove'],1
1389,"Kanjorski, Paul E.",[],0
1390,"Kaptur, Marcy",['Marcy Kaptur'],1
1391,"Karnes, David K.",[],0
1392,"Karth, Joseph E.",[],0
1393,"Kasich, John R.",[],0
1394,"Kassebaum, Nancy Landon",[],0
1395,"Kasten, Robert W., Jr.",[],0
1396,"Kasten, Robert W., Jr.",[],0
1397,"Kastenmeier, Robert W.",[],0
1398,"Katko, John",['John Katko'],1
1399,"Kaufman, Edward E.",[],0
1400,"Kazen, Abraham, Jr.",[],0
1401,"Kean, Thomas H.",['Thomas Coyne'],1
1402,"Keating, William J.",[],0
1403,"Keating, William R.",[],0
1404,"Keller, Fred",['Fred Keller'],1
1405,"Keller, Ric",[],0
1406,"Kelly, Mark",['Mark Kelly'],1
1407,"Kelly, Mike",[],0
1408,"Kelly, Richard",['Richard Kelly'],1
1409,"Kelly, Robin L.",[],0
1410,"Kelly, Sue W.",['Sue Kelly'],1
1411,"Kelly, Trent",['Trent Kelly'],1
1412,"Kemp, Jack",[],0
1413,"Kempthorne, Dirk",['Dirk Kempthorne'],1
1414,"Kennedy, Edward M.",[],0
1415,"Kennedy, John",['John Kennedy'],1
1416,"Kennedy, Joseph P., II",[],0
1417,"Kennedy, Joseph P., III",[],0
1418,"Kennedy, Mark R.",[],0
1419,"Kennedy, Mike",['Mike Kennedy'],1
1420,"Kennedy, Patrick J.",[],0
1421,"Kennedy, Timothy M.",[],0
1422,"Kennelly, Barbara B.",[],0
1423,"Kerns, Brian D.",[],0
1424,"Kerrey, J. Robert",[],0
1425,"Kerry, John F.",[],0
1426,"Ketchum, William M.",[],0
1427,"Keys, Martha E.",[],0
1428,"Khanna, Ro",['Ro Khanna'],1
1429,"Kiggans, Jennifer A.",[],0
1430,"Kihuen, Ruben J.",[],0
1431,"Kildee, Dale E.",[],0
1432,"Kildee, Daniel T.",[],0
1433,"Kiley, Kevin",['Kevin Kiley'],1
1434,"Kilmer, Derek",['Derek Kilmer'],1
1435,"Kilpatrick, Carolyn C.",[],0
1436,"Kilroy, Mary Jo",['Mary Jo Kilroy'],1
1437,"Kim, Andy",['Andy Kim'],1
1438,"Kim, Andy",['Andy Kim'],1
1439,"Kim, Jay",['Jay Kim'],1
1440,"Kim, Young",['Young Kim'],1
1441,"Kind, Ron",['Ron Kind'],1
1442,"Kindness, Thomas N.",[],0
1443,"King, Angus S., Jr.",[],0
1444,"King, Carleton J.",[],0
1445,"King, Peter T.",[],0
1446,"King, Steve",['Steve King'],1
1447,"King-Hinds, Kimberlyn",[],0
1448,"Kingston, Jack",['Jack Kingston'],1
1449,"Kinzinger, Adam",['Adam Kinzinger'],1
1450,"Kirk, Mark Steven",[],0
1451,"Kirk, Mark Steven",[],0
1452,"Kirk, Paul Grattan, Jr.",[],0
1453,"Kirkpatrick, Ann",['Ann Kirkpatrick'],1
1454,"Kirkpatrick, Ann",['Ann Kirkpatrick'],1
1455,"Kirkpatrick, Ann",['Ann Kirkpatrick'],1
1456,"Kissell, Larry",['Larry Kissell'],1
1457,"Kleczka, Gerald D.",[],0
1458,"Klein, Herbert C.",[],0
1459,"Klein, Ron",['Ron Klein'],1
1460,"Kline, John",['John Kline'],1
1461,"Klink, Ron",[],0
1462,"Klobuchar, Amy",['Amy Klobuchar'],1
1463,"Kluczynski, John C.",[],0
1464,"Klug, Scott L.",[],0
1465,"Knight, Stephen",[],0
1466,"Knollenberg, Joe",[],0
1467,"Knott, Brad",['Brad Knott'],1
1468,"Koch, Edward I.",[],0
1469,"Kogovsek, Ray",[],0
1470,"Kohl, Herb",['Herb Kohl'],1
1471,"Kolbe, Jim",[],0
1472,"Kolter, Joseph P.",[],0
1473,"Konnyu, Ernest L.",[],0
1474,"Kopetski, Mike",['Mike Kopetski'],1
1475,"Kosmas, Suzanne M.",[],0
1476,"Kostmayer, Peter H.",['Peter Kostmayer'],1
1477,"Kostmayer, Peter H.",['Peter Kostmayer'],1
1478,"Kramer, Ken",[],0
1479,"Kratovil, Frank, Jr.","['Frank Kratovil, Jr.']",1
1480,"Krebs, John H.",[],0
1481,"Kreidler, Mike",['Mike Kreidler'],1
1482,"Krishnamoorthi, Raja",['Raja Krishnamoorthi'],1
1483,"Krueger, Robert C.",[],0
1484,"Krueger, Robert C.",[],0
1485,"Kucinich, Dennis J.",[],0
1486,"Kuster, Ann M.",[],0
1487,"Kustoff, David",['David Kustoff'],1
1488,"Kuykendall, Dan H.",[],0
1489,"Kuykendall, Steven T.",[],0
1490,"Kyl, Jon",['Jon Kyl'],1
1491,"Kyl, Jon",['Jon Kyl'],1
1492,"Kyl, Jon",['Jon Kyl'],1
1493,"Kyros, Peter N.",[],0
1494,"Labrador, Raul R.",[],0
1495,"LaFalce, John J.",[],0
1496,"Lagomarsino, Robert J.",[],0
1497,"LaHood, Darin",['Darin LaHood'],1
1498,"LaHood, Ray",['Ray LaHood'],1
1499,"LaLota, Nick",[],0
1500,"LaMalfa, Doug",['Doug LaMalfa'],1
1501,"Lamb, Conor",['Conor Lamb'],1
1502,"Lamborn, Doug",['Doug Lamborn'],1
1503,"Lampson, Nick",[],0
1504,"Lampson, Nick",[],0
1505,"Lancaster, H. Martin",['H. Martin Lancaster'],1
1506,"Lance, Leonard",['Leonard Lance'],1
1507,"Landgrebe, Earl F.",[],0
1508,"Landrieu, Mary L.",[],0
1509,"Landrum, Phil M.",[],0
1510,"Landry, Jeffrey M.",[],0
1511,"Landsman, Greg",['Greg Landsman'],1
1512,"Langevin, James R.",[],0
1513,"Langworthy, Nicholas A.",[],0
1514,"Lankford, James",['James Lankford'],1
1515,"Lankford, James",['James Lankford'],1
1516,"Lantos, Tom",['Tom Lantos'],1
1517,"Largent, Steve",[],0
1518,"LaRocco, Larry",['Larry LaRocco'],1
1519,"Larsen, Rick",['Rick Larsen'],1
1520,"Larson, John B.",[],0
1521,"Latham, Tom",['Tom Latham'],1
1522,"Latimer, George",['George Latimer'],1
1523,"LaTourette, Steven C.",[],0
1524,"Latta, Delbert L.",[],0
1525,"Latta, Robert E.",[],0
1526,"LaTurner, Jake",[],0
1527,"Laughlin, Greg",['Greg Laughlin'],1
1528,"Lautenberg, Frank R.",[],0
1529,"Lautenberg, Frank R.",[],0
1530,"Lawler, Michael",[],0
1531,"Lawrence, Brenda L.",[],0
1532,"Lawson, Al, Jr.","['Al Lawson, Jr.']",1
1533,"Laxalt, Paul D.",[],0
1534,"Lazio, Rick",['Rick Lazio'],1
1535,"Leach, James A.",[],0
1536,"Leahy, Patrick J.",[],0
1537,"Leath, Marvin",[],0
1538,"LeBoutillier, John",[],0
1539,"Lederer, Raymond F.",[],0
1540,"Lee Carter, Erica",[],0
1541,"Lee, Barbara",['Barbara Lee'],1
1542,"Lee, Christopher J.",[],0
1543,"Lee, Gary A.",[],0
1544,"Lee, Laurel M.",[],0
1545,"Lee, Mike",['Mike Lee'],1
1546,"Lee, Summer L.",[],0
1547,"Lee, Susie",['Susie Lee'],1
1548,"LeFante, Joseph A.",[],0
1549,"Leger Fernandez, Teresa",[],0
1550,"Leggett, Robert L.",[],0
1551,"Lehman, Richard H.",['Richard Lehman'],1
1552,"Lehman, William",[],0
1553,"Leland, Mickey",[],0
1554,"LeMieux, George S.",[],0
1555,"Lent, Norman F.",[],0
1556,"Lesko, Debbie",['Debbie Lesko'],1
1557,"Letlow, Julia",['Julia Letlow'],1
1558,"Levin, Andy",['Andy Levin'],1
1559,"Levin, Carl",['Carl Levin'],1
1560,"Levin, Mike",['Mike Levin'],1
1561,"Levin, Sander M.",[],0
1562,"Levine, Mel",[],0
1563,"Levitas, Elliott H.",[],0
1564,"Levy, David A.",[],0
1565,"Lewis, Jason",['Jason Lewis'],1
1566,"Lewis, Jerry",['Jerry Lewis'],1
1567,"Lewis, John",['John Lewis'],1
1568,"Lewis, Ron",['Ron Lewis'],1
1569,"Lewis, Thomas F.",[],0
1570,"Liccardo, Sam T.",[],0
1571,"Lieberman, Joseph I.",[],0
1572,"Lieu, Ted",['Ted Lieu'],1
1573,"Lightfoot, Jim",['Jim Lightfoot'],1
1574,"Lincoln, Blanche L.",[],0
1575,"Lincoln, Blanche L.",[],0
1576,"Linder, John",['John Linder'],1
1577,"Lipinski, Daniel",[],0
1578,"Lipinski, William O.",[],0
1579,"Litton, Jerry",[],0
1580,"Livingston, Bob",[],0
1581,"Lloyd, James F.",[],0
1582,"Lloyd, Marilyn",['Marilyn Lloyd'],1
1583,"LoBiondo, Frank A.",[],0
1584,"Loebsack, David",[],0
1585,"Loeffler, Kelly",['Kelly Loeffler'],1
1586,"Loeffler, Tom",[],0
1587,"Lofgren, Zoe",['Zoe Lofgren'],1
1588,"Long, Billy",['Billy Long'],1
1589,"Long, Clarence D.",[],0
1590,"Long, Gillis W.",[],0
1591,"Long, Gillis W.",[],0
1592,"Long, Jill L.",[],0
1593,"Long, Russell B.",[],0
1594,"Longley, James B., Jr.",[],0
1595,"Lopez, Greg",[],0
1596,"Lott, Trent",[],0
1597,"Lott, Trent",[],0
1598,"Loudermilk, Barry",['Barry Loudermilk'],1
1599,"Love, Mia B.",[],0
1600,"Lowenthal, Alan S.",[],0
1601,"Lowery, Bill",['Billy Lower'],1
1602,"Lowey, Nita M.",[],0
1603,"Lowry, Mike",[],0
1604,"Lucas, Frank D.",[],0
1605,"Lucas, Ken",['Ken Lucas'],1
1606,"Luetkemeyer, Blaine",['Blaine Luetkemeyer'],1
1607,"Lugar, Richard G.",[],0
1608,"Lujan Grisham, Michelle",[],0
1609,"Luján, Ben Ray",[],0
1610,"Luján, Ben Ray",[],0
1611,"Lujan, Manuel, Jr.",[],0
1612,"Luken, Charles",[],0
1613,"Luken, Thomas A.",[],0
1614,"Luken, Thomas A.",[],0
1615,"Lukens, Donald E.",[],0
1616,"Lukens, Donald E.",[],0
1617,"Lummis, Cynthia M.",[],0
1618,"Lummis, Cynthia M.",[],0
1619,"Luna, Anna Paulina",[],0
1620,"Lundine, Stanley N.",[],0
1621,"Lungren, Daniel E.",[],0
1622,"Lungren, Daniel E.",[],0
1623,"Luria, Elaine G.",[],0
1624,"Luther, Bill",[],0
1625,"Luttrell, Morgan",['Morgan Luttrell'],1
1626,"Lynch, Stephen F.",[],0
1627,"MacArthur, Thomas",[],0
1628,"Macdonald, Torbert H.",[],0
1629,"Mace, Nancy",['Nancy Mace'],1
1630,"Machtley, Ronald K.",[],0
1631,"Mack, Connie",['Connie Mack'],1
1632,"Mack, Connie, III",[],0
1633,"Mack, Connie, III",[],0
1634,"MacKay, Buddy",[],0
1635,"Mackenzie, Ryan",['Ryan Mackenzie'],1
1636,"Madden, Ray J.",[],0
1637,"Madden, Ray J.",[],0
1638,"Madigan, Edward R.",[],0
1639,"Maffei, Daniel B.",[],0
1640,"Maffei, Daniel B.",[],0
1641,"Magaziner, Seth",['Seth Magaziner'],1
1642,"Magnuson, Warren G.",[],0
1643,"Magnuson, Warren G.",[],0
1644,"Maguire, Andrew",[],0
1645,"Mahon, George H.",[],0
1646,"Mahoney, Tim",['Tim Mahoney'],1
1647,"Mailliard, William S.",[],0
1648,"Majette, Denise L.",[],0
1649,"Malinowski, Tom",['Tom Malinowski'],1
1650,"Mallary, Richard W.",[],0
1651,"Malliotakis, Nicole",['Nicole Malliotakis'],1
1652,"Maloney, Carolyn B.",[],0
1653,"Maloney, James H.",['James Maloney'],1
1654,"Maloney, Sean Patrick",[],0
1655,"Maloy, Celeste",['Celeste Maloy'],1
1656,"Manchin, Joe, III",['Joe Manchin III'],1
1657,"Mann, David",['David Mann'],1
1658,"Mann, James R.",[],0
1659,"Mann, Tracey",['Tracey Mann'],1
1660,"Manning, Kathy E.",[],0
1661,"Mannion, John W.",['John Mannion'],1
1662,"Mansfield, Mike",[],0
1663,"Mansfield, Mike",[],0
1664,"Manton, Thomas J.",[],0
1665,"Manzullo, Donald A.",[],0
1666,"Maraziti, Joseph J.",[],0
1667,"Marchant, Kenny",['Kenny Marchant'],1
1668,"Margolies-Mezvinsky, Marjorie",['Marjorie Margolies-Mezvinsky'],1
1669,"Marino, Tom",['Tom Marino'],1
1670,"Markey, Betsy",['Betsy Markey'],1
1671,"Markey, Edward J.",[],0
1672,"Markey, Edward J.",[],0
1673,"Marks, Marc L.",[],0
1674,"Marlenee, Ron",['Ron Marlenee'],1
1675,"Marriott, David Daniel",[],0
1676,"Marshall, Jim",['Jim Marshall'],1
1677,"Marshall, Roger",['Roger Marshall'],1
1678,"Marshall, Roger",['Roger Marshall'],1
1679,"Martin, David O'B.",[],0
1680,"Martin, David T.",[],0
1681,"Martin, James G.",[],0
1682,"Martin, Lynn M.",[],0
1683,"Martinez, Matthew G.",[],0
1684,"Martinez, Mel",[],0
1685,"Martini, William J.",[],0
1686,"Mascara, Frank",['Frank Mascara'],1
1687,"Massa, Eric J. J.",[],0
1688,"Massie, Thomas",['Thomas Massie'],1
1689,"Mast, Brian J.",[],0
1690,"Matheson, Jim",['Jim Matheson'],1
1691,"Mathews, Harlan",[],0
1692,"Mathias, Charles McC., Jr.",[],0
1693,"Mathias, Charles McC., Jr.",[],0
1694,"Mathis, Dawson",[],0
1695,"Matsui, Doris O.",[],0
1696,"Matsui, Robert T.",[],0
1697,"Matsunaga, Spark M.",[],0
1698,"Matsunaga, Spark M.",[],0
1699,"Mattingly, Mack",['Mack Mattingly'],1
1700,"Mattox, James A.",[],0
1701,"Mavroules, Nicholas",['Nicholas Mavroules'],1
1702,"Mayne, Wiley",[],0
1703,"Mazzoli, Romano L.",[],0
1704,"McAdams, Ben",['Ben McAdams'],1
1705,"McAllister, Vance M.",[],0
1706,"McBath, Lucy",['Lucy McBath'],1
1707,"McBride, Sarah",['Sarah McBride'],1
1708,"McCain, John",[],0
1709,"McCain, John",[],0
1710,"McCarthy, Carolyn",['Carolyn McCarthy'],1
1711,"McCarthy, Karen",['Karen McCarthy'],1
1712,"McCarthy, Kevin",['Kevin McCarthy'],1
1713,"McCaskill, Claire",['Claire McCaskill'],1
1714,"McCaul, Michael T.",[],0
1715,"McClain Delaney, April",[],0
1716,"McClain, Lisa C.",[],0
1717,"McClellan, Jennifer L.",[],0
1718,"McClellan, John L.",[],0
1719,"McClellan, John L.",[],0
1720,"McClintock, Tom",['Tom McClintock'],1
1721,"McClory, Robert",[],0
1722,"McCloskey, Frank",['Frank McCloskey'],1
1723,"McCloskey, Paul N., Jr.",[],0
1724,"McClure, James A.",[],0
1725,"McClure, James A.",[],0
1726,"McCollister, John Y.",[],0
1727,"McCollum, Betty",['Betty McCollum'],1
1728,"McCollum, Bill",['Bill McCollum'],1
1729,"McConnell, Mitch",[],0
1730,"McCormack, Mike",['Mike McCormick'],1
1731,"McCormick, David",['David McCormick'],1
1732,"McCormick, Richard",['Richard McCormick'],1
1733,"McCotter, Thaddeus G.",[],0
1734,"McCrery, Jim",[],0
1735,"McCurdy, Dave",['Dave McCurdy'],1
1736,"McDade, Joseph M.",[],0
1737,"McDermott, Jim",['Jim McDermott'],1
1738,"McDonald Rivet, Kristen",[],0
1739,"McDonald, Lawrence P.",[],0
1740,"McDowell, Addison P.",[],0
1741,"McEachin, A. Donald",[],0
1742,"McEwen, Bob",['Bob McEwen'],1
1743,"McEwen, Robert C.",[],0
1744,"McFall, John J.",[],0
1745,"McGarvey, Morgan",['Morgan McGarvey'],1
1746,"McGee, Gale W.",[],0
1747,"McGovern, George",[],0
1748,"McGovern, George",[],0
1749,"McGovern, James P.",[],0
1750,"McGrath, Raymond J.",[],0
1751,"McGuire, John J.",[],0
1752,"McHale, Paul",['Paul McHale'],1
1753,"McHenry, Patrick T.",[],0
1754,"McHugh, John M.",[],0
1755,"McHugh, Matthew F.",[],0
1756,"McInnis, Scott",['Scott McInnis'],1
1757,"McIntosh, David M.",[],0
1758,"McIntyre, Mike",['Mike McIntyre'],1
1759,"McIntyre, Thomas J.",[],0
1760,"McIver, LaMonica",['LaMonica McIver'],1
1761,"McKay, K. Gunn",[],0
1762,"McKernan, John R., Jr.",[],0
1763,"McKinley, David B.",[],0
1764,"McKinney, Cynthia A.",[],0
1765,"McKinney, Cynthia A.",[],0
1766,"McKinney, Stewart B.",[],0
1767,"McMahon, Michael E.",[],0
1768,"McMillan, J. Alex",['J. Alex McMillan'],1
1769,"McMillen, Thomas",['Thomas McMillen'],1
1770,"McMorris Rodgers, Cathy",[],0
1771,"McNerney, Jerry",['Jerry McNerney'],1
1772,"McNulty, James F., Jr.",[],0
1773,"McNulty, Michael R.",[],0
1774,"McSally, Martha",['Martha McSally'],1
1775,"McSally, Martha",['Martha McSally'],1
1776,"McSpadden, Clem Rogers",[],0
1777,"Meadows, Mark",['Mark Meadows'],1
1778,"Meeds, Lloyd",[],0
1779,"Meehan, Martin T.",[],0
1780,"Meehan, Patrick",[],0
1781,"Meek, Carrie P.",[],0
1782,"Meek, Kendrick B.",[],0
1783,"Meeks, Gregory W.",['Gregory Meeks'],1
1784,"Meijer, Peter",['Peter Meijer'],1
1785,"Melancon, Charlie",[],0
1786,"Melcher, John",[],0
1787,"Melcher, John",[],0
1788,"Menendez, Robert",[],0
1789,"Menendez, Robert",[],0
1790,"Menendez, Robert",[],0
1791,"Meng, Grace",['Grace Meng'],1
1792,"Merkley, Jeff",['Jeff Merkley'],1
1793,"Messer, Luke",['Luke Messer'],1
1794,"Messmer, Mark B.",[],0
1795,"Metcalf, Jack",['Jack Metcalf'],1
1796,"Metcalf, Lee",[],0
1797,"Metcalf, Lee",[],0
1798,"Metcalfe, Ralph H.",[],0
1799,"Metzenbaum, Howard M.",[],0
1800,"Metzenbaum, Howard M.",[],0
1801,"Meuser, Daniel",[],0
1802,"Meyers, Jan",['Jan Meyers'],1
1803,"Meyner, Helen S.",[],0
1804,"Mezvinsky, Edward",[],0
1805,"Mfume, Kweisi",['Kweisi Mfume'],1
1806,"Mfume, Kweisi",['Kweisi Mfume'],1
1807,"Mica, Daniel Andrew",[],0
1808,"Mica, John L.",[],0
1809,"Michaud, Michael H.",[],0
1810,"Michel, Robert H.",['Robert Michel'],1
1811,"Mikulski, Barbara A.",[],0
1812,"Mikulski, Barbara A.",[],0
1813,"Mikva, Abner J.",[],0
1814,"Mikva, Abner J.",[],0
1815,"Milford, Dale",[],0
1816,"Millender-McDonald, Juanita",['Juanita Millender-McDonald'],1
1817,"Miller, Brad",['Brad Miller'],1
1818,"Miller, Candice S.",[],0
1819,"Miller, Carol D.",[],0
1820,"Miller, Clarence E.",[],0
1821,"Miller, Dan",['Dan Miller'],1
1822,"Miller, Gary G.",[],0
1823,"Miller, George",['George Miller'],1
1824,"Miller, Jeff",['Jeff Miller'],1
1825,"Miller, John R.",[],0
1826,"Miller, Mary E.",[],0
1827,"Miller, Max L.",[],0
1828,"Miller, Zell",[],0
1829,"Miller-Meeks, Mariannette",['Mariannette Miller-Meeks'],1
1830,"Mills, Cory",['Cory Mills'],1
1831,"Mills, Wilbur D.",[],0
1832,"Mills, William O.",[],0
1833,"Min, Dave",['Dave Min'],1
1834,"Mineta, Norman Y.",[],0
1835,"Minge, David",['David Minge'],1
1836,"Minish, Joseph G.",[],0
1837,"Mink, Patsy T.",[],0
1838,"Mink, Patsy T.",[],0
1839,"Minnick, Walter",[],0
1840,"Minshall, William E.",[],0
1841,"Mitchell, Donald J.",[],0
1842,"Mitchell, George J.",[],0
1843,"Mitchell, Harry E.",[],0
1844,"Mitchell, Parren J.",[],0
1845,"Mitchell, Paul",['Paul Mitchell'],1
1846,"Mizell, Wilmer",[],0
1847,"Moakley, John Joseph",[],0
1848,"Moffett, Toby",[],0
1849,"Molinari, Guy",['Guy Millner'],1
1850,"Molinari, Susan",['Susan Molinari'],1
1851,"Molinaro, Marcus J.",[],0
1852,"Mollohan, Alan B.",[],0
1853,"Mollohan, Robert H.",[],0
1854,"Mollohan, Robert H.",[],0
1855,"Mondale, Walter F.",[],0
1856,"Monson, David S.",[],0
1857,"Montoya, Joseph M.",[],0
1858,"Montoya, Joseph M.",[],0
1859,"Moody, Ashley",[],0
1860,"Moody, Jim",[],0
1861,"Moolenaar, John R.",[],0
1862,"Mooney, Alexander X.",[],0
1863,"Moore, Barry",['Barry Moore'],1
1864,"Moore, Blake D.",[],0
1865,"Moore, Dennis",['Dennis Moore'],1
1866,"Moore, Gwen",['Gwen Moore'],1
1867,"Moore, Riley M.",[],0
1868,"Moore, Tim",['Tim Murray'],1
1869,"Moore, W. Henson",[],0
1870,"Moorhead, Carlos J.",[],0
1871,"Moorhead, William S.",[],0
1872,"Moran, James P.",[],0
1873,"Moran, Jerry",['Jerry Moran'],1
1874,"Moran, Jerry",['Jerry Moran'],1
1875,"Moran, Nathaniel",['Nathaniel Moran'],1
1876,"Morella, Constance A.",[],0
1877,"Morelle, Joseph D.",[],0
1878,"Moreno, Bernie",['Bernie Moreno'],1
1879,"Morgan, Robert B.",[],0
1880,"Morgan, Thomas E.",[],0
1881,"Morgan, Thomas E.",[],0
1882,"Morrison, Bruce A.",[],0
1883,"Morrison, Kelly",['Kelly Morrison'],1
1884,"Morrison, Sid",[],0
1885,"Moseley-Braun, Carol",[],0
1886,"Mosher, Charles A.",[],0
1887,"Moskowitz, Jared",['Jared Moskowitz'],1
1888,"Moss, Frank E.",[],0
1889,"Moss, John E.",[],0
1890,"Mottl, Ronald M.",[],0
1891,"Moulton, Seth",['Seth Moulton'],1
1892,"Moylan, James C.",[],0
1893,"Moynihan, Daniel Patrick",[],0
1894,"Mrazek, Robert J.",[],0
1895,"Mrvan, Frank J.",[],0
1896,"Mucarsel-Powell, Debbie",['Debbie Mucarsel-Powell'],1
1897,"Mullin, Kevin",['Kevin Mullin'],1
1898,"Mullin, Markwayne",['Markwayne Mullin'],1
1899,"Mullin, Markwayne",['Markwayne Mullin'],1
1900,"Mulvaney, Mick",['Mick Mulvaney'],1
1901,"Murkowski, Frank H.",['Frank Murkowski'],1
1902,"Murkowski, Lisa",['Lisa Murkowski'],1
1903,"Murphy, Austin J.",[],0
1904,"Murphy, Christopher",[],0
1905,"Murphy, Christopher",[],0
1906,"Murphy, Gregory F.",[],0
1907,"Murphy, John M.",[],0
1908,"Murphy, Morgan F.",[],0
1909,"Murphy, Patrick",['Patrick Murphy'],1
1910,"Murphy, Patrick J.",[],0
1911,"Murphy, Scott",['Scott Murphy'],1
1912,"Murphy, Stephanie N.",[],0
1913,"Murphy, Tim",['Tim Murphy'],1
1914,"Murray, Patty",['Patty Murray'],1
1915,"Murtha, John P.",[],0
1916,"Musgrave, Marilyn N.",[],0
1917,"Muskie, Edmund S.",[],0
1918,"Musto, Raphael",[],0
1919,"Myers, Gary A.",[],0
1920,"Myers, John T.",[],0
1921,"Myers, Michael O.",[],0
1922,"Myrick, Sue Wilkins",[],0
1923,"Nadler, Jerrold",[],0
1924,"Napier, John L.",[],0
1925,"Napolitano, Grace F.",[],0
1926,"Natcher, William H.",['William Natcher'],1
1927,"Neal, Richard E.",[],0
1928,"Neal, Stephen L.",[],0
1929,"Nedzi, Lucien N.",[],0
1930,"Negrete McLeod, Gloria",[],0
1931,"Neguse, Joe",['Joe Neguse'],1
1932,"Nehls, Troy E.",[],0
1933,"Nelligan, James L.",[],0
1934,"Nelsen, Ancher",[],0
1935,"Nelson, Ben",['Ben Nelson'],1
1936,"Nelson, Bill",['Paul Nelson'],1
1937,"Nelson, Bill",['Paul Nelson'],1
1938,"Nelson, Gaylord",[],0
1939,"Nethercutt, George R., Jr.",[],0
1940,"Neugebauer, Randy",['Randy Neugebauer'],1
1941,"Neumann, Mark W.",['Mark Neumann'],1
1942,"Newhouse, Dan",['Dan Newhouse'],1
1943,"Newman, Marie",['Marie Newman'],1
1944,"Ney, Robert W.",[],0
1945,"Nichols, Bill",[],0
1946,"Nichols, Dick",[],0
1947,"Nickel, Wiley",[],0
1948,"Nickles, Don",['Don Nickles'],1
1949,"Nielson, Howard C.",[],0
1950,"Nix, Robert N. C.",[],0
1951,"Noem, Kristi L.",[],0
1952,"Nolan, Richard M.",[],0
1953,"Nolan, Richard M.",[],0
1954,"Norcross, Donald",['Donald Norcross'],1
1955,"Norman, Ralph",[],0
1956,"Northup, Anne M.",[],0
1957,"Norton, Eleanor Holmes",[],0
1958,"Norwood, Charles W.",[],0
1959,"Nowak, Henry",[],0
1960,"Nugent, Richard B.",[],0
1961,"Nunes, Devin",['Devin Nunes'],1
1962,"Nunn, Sam",[],0
1963,"Nunn, Zachary",[],0
1964,"Nunnelee, Alan",['Alan Nunnelee'],1
1965,"Nussle, Jim",[],0
1966,"Nye, Glenn C.",[],0
1967,"O'Brien, George M.",[],0
1968,"O'Halleran, Tom","[""Tom O'Halleran""]",1
1969,"O'Hara, James G.",[],0
1970,"O'Neill, Thomas P., Jr.",[],0
1971,"O'Rourke, Beto","[""Beto O'Rourke""]",1
1972,"Oakar, Mary Rose",['Mary Rose Oakar'],1
1973,"Obama, Barack",[],0
1974,"Obernolte, Jay",['Jay Obernolte'],1
1975,"Oberstar, James L.",[],0
1976,"Obey, David R.",[],0
1977,"Ocasio-Cortez, Alexandria",['Alexandria Ocasio-Cortez'],1
1978,"Ogles, Andrew",[],0
1979,"Olin, James R.",[],0
1980,"Olson, Pete",['Pete Olson'],1
1981,"Olszewski, Johnny",[],0
1982,"Olver, John W.",['John Olver'],1
1983,"Omar, Ilhan",['Ilhan Omar'],1
1984,"Onder, Robert F.",[],0
1985,"Ortiz, Solomon P.",[],0
1986,"Orton, Bill",['Bill Orton'],1
1987,"Osborne, Tom",[],0
1988,"Ose, Doug",['Doug Ose'],1
1989,"Ossoff, Jon",['Jon Ossoff'],1
1990,"Ottinger, Richard L.",[],0
1991,"Ottinger, Richard L.",[],0
1992,"Owens, Burgess",['Burgess Owens'],1
1993,"Owens, Major R.",[],0
1994,"Owens, Wayne",['Wayne Owens'],1
1995,"Owens, Wayne",['Wayne Owens'],1
1996,"Owens, William L.",[],0
1997,"Oxley, Michael G.",[],0
1998,"Packard, Ron",[],0
1999,"Packwood, Bob",['Bob Packwood'],1
2000,"Padilla, Alex",['Alex Padilla'],1
2001,"Palazzo, Steven M.",[],0
2002,"Pallone, Frank",[],0
2003,"Palmer, Gary J.",[],0
2004,"Panetta, Jimmy",['Jimmy Panetta'],1
2005,"Panetta, Leon",['Leon Panetta'],1
2006,"Pappas, Chris",['Chris Pappas'],1
2007,"Pappas, Michael",['Michael Pappas'],1
2008,"Parker, Mike",['Mike Parker'],1
2009,"Pascrell, Bill",[],0
2010,"Pashayan, Charles, Jr.",[],0
2011,"Passman, Otto E.",[],0
2012,"Pastor, Ed",['Ed Pastor'],1
2013,"Pastore, John O.",[],0
2014,"Patman, William N.",[],0
2015,"Patman, Wright",[],0
2016,"Patronis, Jimmy",[],0
2017,"Patten, Edward J.",[],0
2018,"Patterson, Elizabeth",[],0
2019,"Patterson, Jerry M.",[],0
2020,"Pattison, Edward W.",[],0
2021,"Paul, Rand",['Rand Paul'],1
2022,"Paul, Ron",['Ron Paul'],1
2023,"Paul, Ron",['Ron Paul'],1
2024,"Paul, Ron",['Ron Paul'],1
2025,"Paulsen, Erik",['Erik Paulsen'],1
2026,"Paxon, Bill",[],0
2027,"Payne, Donald M.",[],0
2028,"Payne, Donald M.",[],0
2029,"Payne, Lewis F., Jr.",[],0
2030,"Pearce, Stevan",[],0
2031,"Pearce, Stevan",[],0
2032,"Pearson, James B.",[],0
2033,"Pease, Donald J.",[],0
2034,"Pease, Edward A.",[],0
2035,"Pell, Claiborne",[],0
2036,"Pelosi, Nancy",['Nancy Pelosi'],1
2037,"Peltola, Mary Sattler",[],0
2038,"Pence, Greg",['Greg Pence'],1
2039,"Pence, Mike",['Mike Pence'],1
2040,"Penny, Timothy J.",[],0
2041,"Pepper, Claude",[],0
2042,"Pepper, Claude",[],0
2043,"Percy, Charles H.",[],0
2044,"Perdue, David",['David Perdue'],1
2045,"Perez, Marie Gluesenkamp",['Marie Gluesenkamp Perez'],1
2046,"Perkins, Carl C.",[],0
2047,"Perkins, Carl Dewey",[],0
2048,"Perlmutter, Ed",['Ed Perlmutter'],1
2049,"Perriello, Thomas S.P.",[],0
2050,"Perry, Scott",['Scott Perry'],1
2051,"Peters, Gary C.",[],0
2052,"Peters, Gary C.",[],0
2053,"Peters, Scott H.",['Scott Peters'],1
2054,"Peterson, Collin C.",[],0
2055,"Peterson, John E.",[],0
2056,"Petri, Thomas E.",[],0
2057,"Pettersen, Brittany",['Brittany Pettersen'],1
2058,"Pettis, Jerry L.",[],0
2059,"Pettis, Shirley N.",[],0
2060,"Peyser, Peter A.",[],0
2061,"Peyser, Peter A.",[],0
2062,"Pfluger, August",['August Pfluger'],1
2063,"Phelps, David D.",[],0
2064,"Phillips, Dean",['Dean Phillips'],1
2065,"Pickett, Owen B.",[],0
2066,"Pickle, J. J.",[],0
2067,"Pierluisi, Pedro R.",[],0
2068,"Pike, Otis G.",[],0
2069,"Pingree, Chellie",['Chellie Pingree'],1
2070,"Pittenger, Robert",['Robert Pittenger'],1
2071,"Pitts, Joseph R.",[],0
2072,"Plaskett, Stacey E.",[],0
2073,"Platts, Todd Russell",[],0
2074,"Poage, W. R.",[],0
2075,"Pocan, Mark",['Mark Pocan'],1
2076,"Podell, Bertram L.",[],0
2077,"Poe, Ted",['Ted Poe'],1
2078,"Poliquin, Bruce",['Bruce Poliquin'],1
2079,"Polis, Jared",['Jared Polis'],1
2080,"Pombo, Richard W.",['Richard Pombo'],1
2081,"Pomeroy, Earl",['Earl Pomeroy'],1
2082,"Pompeo, Mike",['Mike Pompeo'],1
2083,"Porter, John Edward",['John Edward Porter'],1
2084,"Porter, Jon C.",[],0
2085,"Porter, Katie",['Katie Porter'],1
2086,"Portman, Rob",['Rob Portman'],1
2087,"Portman, Rob",['Rob Portman'],1
2088,"Posey, Bill",['Bill Posey'],1
2089,"Poshard, Glenn",['Glenn Poshard'],1
2090,"Pou, Nellie",[],0
2091,"Powell, Walter E.",[],0
2092,"Pressler, Larry",['Larry Pressler'],1
2093,"Pressler, Larry",['Larry Pressler'],1
2094,"Pressley, Ayanna",['Ayanna Pressley'],1
2095,"Preyer, Richardson",[],0
2096,"Price, David E.",[],0
2097,"Price, David E.",[],0
2098,"Price, Melvin",[],0
2099,"Price, Robert D.",[],0
2100,"Price, Tom",['Tom Price'],1
2101,"Pritchard, Joel",[],0
2102,"Proxmire, William",[],0
2103,"Pryce, Deborah",['Deborah Pryce'],1
2104,"Pryor, David H.",[],0
2105,"Pryor, David H.",[],0
2106,"Pryor, Mark L.",[],0
2107,"Pursell, Carl D.",[],0
2108,"Putnam, Adam H.",['Adam Putnam'],1
2109,"Quayle, Benjamin",[],0
2110,"Quayle, Dan",[],0
2111,"Quayle, Dan",[],0
2112,"Quie, Albert H.",[],0
2113,"Quigley, Mike",['Mike Quigley'],1
2114,"Quinn, Jack",['Jack Quinn'],1
2115,"Radanovich, George",['George Radanovich'],1
2116,"Radel, Trey",['Trey Radel'],1
2117,"Radewagen, Aumua Amata Coleman",[],0
2118,"Rahall, Nick J., II",[],0
2119,"Railsback, Thomas F.",[],0
2120,"Ramirez, Delia C.",[],0
2121,"Ramstad, Jim",[],0
2122,"Randall, Emily",['Emily Randall'],1
2123,"Randall, William J.",[],0
2124,"Randolph, Jennings",[],0
2125,"Randolph, Jennings",[],0
2126,"Rangel, Charles B.",[],0
2127,"Rarick, John R.",[],0
2128,"Raskin, Jamie",['Jamie Raskin'],1
2129,"Ratchford, William R.",[],0
2130,"Ratcliffe, John",['John Ratcliffe'],1
2131,"Ravenel, Arthur, Jr.","['Arthur Ravenel, Jr.']",1
2132,"Ray, Richard B.",[],0
2133,"Redmond, Bill",['Bill Redmond'],1
2134,"Reed, Jack",['Jack Reed'],1
2135,"Reed, Jack",['Jack Reed'],1
2136,"Reed, Tom",['Tom Reed'],1
2137,"Rees, Thomas M.",[],0
2138,"Regula, Ralph",['Ralph Regula'],1
2139,"Rehberg, Denny",['Denny Rehberg'],1
2140,"Reichert, David G.",[],0
2141,"Reid, Harry",['Harry Reid'],1
2142,"Reid, Harry",['Harry Reid'],1
2143,"Reid, Ogden R.",[],0
2144,"Renacci, James B.",[],0
2145,"Renzi, Rick",[],0
2146,"Reschenthaler, Guy",['Guy Reschenthaler'],1
2147,"Reuss, Henry S.",[],0
2148,"Reyes, Silvestre",['Silvestre Reyes'],1
2149,"Reynolds, Mel",[],0
2150,"Reynolds, Thomas M.",[],0
2151,"Rhodes, John J.",[],0
2152,"Rhodes, John J., III",[],0
2153,"Ribble, Reid J.",[],0
2154,"Ribicoff, Abraham A.",[],0
2155,"Ribicoff, Abraham A.",[],0
2156,"Rice, Kathleen M.",[],0
2157,"Rice, Tom",['Tom Rice'],1
2158,"Richardson, Bill",['Bill Richardson'],1
2159,"Richardson, Laura",['Laura Richardson'],1
2160,"Richmond, Cedric L.",[],0
2161,"Richmond, Frederick W.",[],0
2162,"Ricketts, Pete",['Pete Ricketts'],1
2163,"Ridge, Thomas J.",[],0
2164,"Riegle, Donald W., Jr.",[],0
2165,"Riegle, Donald W., Jr.",[],0
2166,"Rigell, E. Scott",[],0
2167,"Riggleman, Denver",[],0
2168,"Riggs, Frank",['Frank Riggs'],1
2169,"Riggs, Frank",['Frank Riggs'],1
2170,"Riley, Bob",['Bob Riley'],1
2171,"Riley, Josh",['Joshua Riley'],1
2172,"Rinaldo, Matthew J.",[],0
2173,"Risch, James E.",[],0
2174,"Risenhoover, Theodore M.",[],0
2175,"Ritter, Don",['Don Ritter'],1
2176,"Rivas, Luz M.",[],0
2177,"Rivera, David",['David Rivera'],1
2178,"Rivers, Lynn N.",[],0
2179,"Robb, Charles S.",[],0
2180,"Roberts, Clint",[],0
2181,"Roberts, Pat",['Pat Roberts'],1
2182,"Roberts, Pat",['Pat Roberts'],1
2183,"Roberts, Ray",[],0
2184,"Robinson, J. Kenneth",[],0
2185,"Robinson, Tommy F.",[],0
2186,"Robison, Howard W.",[],0
2187,"Roby, Martha",['Martha Roby'],1
2188,"Rockefeller, John D., IV",[],0
2189,"Rodino, Peter W., Jr.",[],0
2190,"Rodriguez, Ciro D.",[],0
2191,"Rodriguez, Ciro D.",[],0
2192,"Roe, David P.",[],0
2193,"Roe, Robert A.",[],0
2194,"Roemer, Buddy",[],0
2195,"Roemer, Tim",[],0
2196,"Rogan, James E.",[],0
2197,"Rogers, Harold",[],0
2198,"Rogers, Mike D.",[],0
2199,"Rogers, Mike J.",[],0
2200,"Rogers, Paul G.",[],0
2201,"Rohrabacher, Dana",['Dana Rohrabacher'],1
2202,"Rokita, Todd",['Todd Rokita'],1
2203,"Romero-Barcelo, Carlos A.",[],0
2204,"Romney, Mitt",['Mitt Romney'],1
2205,"Roncalio, Teno",[],0
2206,"Roncalio, Teno",[],0
2207,"Roncallo, Angelo D.",[],0
2208,"Rooney, Francis",['Francis Rooney'],1
2209,"Rooney, Fred B.",[],0
2210,"Rooney, John J.",[],0
2211,"Rooney, Thomas J.",[],0
2212,"Ros-Lehtinen, Ileana",['Ileana Ros-Lehtinen'],1
2213,"Rose, Charlie",[],0
2214,"Rose, John W.",['John Rose'],1
2215,"Rose, Max",['Max Rose'],1
2216,"Rosen, Jacky",['Jacky Rosen'],1
2217,"Rosen, Jacky",['Jacky Rosen'],1
2218,"Rosendale, Matthew M.",[],0
2219,"Rosenthal, Benjamin S.",[],0
2220,"Roskam, Peter J.",[],0
2221,"Ross, Deborah K.",[],0
2222,"Ross, Dennis A.",[],0
2223,"Ross, Mike",['Mike Ross'],1
2224,"Rostenkowski, Dan",['Dan Rostenkowski'],1
2225,"Roth Jr., William V.",[],0
2226,"Roth Jr., William V.",[],0
2227,"Roth, Toby",['Toby Roth'],1
2228,"Rothfus, Keith J.",[],0
2229,"Rothman, Steven R.",[],0
2230,"Rouda, Harley",['Harley Rouda'],1
2231,"Roukema, Marge",['Marge Roukema'],1
2232,"Rounds, Mike",['Mike Rounds'],1
2233,"Roush, J. Edward",[],0
2234,"Roush, J. Edward",[],0
2235,"Rousselot, John H.",[],0
2236,"Rousselot, John H.",[],0
2237,"Rouzer, David",['David Rouzer'],1
2238,"Rowland, J. Roy",['J. Roy Rowland'],1
2239,"Rowland, John G.",[],0
2240,"Roy, Chip",['Chip Roy'],1
2241,"Roy, William R.",[],0
2242,"Roybal, Edward R.",[],0
2243,"Roybal-Allard, Lucille",['Lucille Roybal-Allard'],1
2244,"Royce, Edward R.",[],0
2245,"Royer, William",[],0
2246,"Rubio, Marco",['Marco Rubio'],1
2247,"Rudd, Eldon D.",[],0
2248,"Rudman, Warren",[],0
2249,"Ruiz, Raul",['Raul Ruiz'],1
2250,"Rulli, Michael A.",[],0
2251,"Runnels, Harold L.",[],0
2252,"Runyan, Jon",['Jon Runyan'],1
2253,"Ruppe, Philip E.",[],0
2254,"Ruppersberger, C. A. Dutch",[],0
2255,"Rush, Bobby L.",[],0
2256,"Russell, Steve",['Steve Russell'],1
2257,"Russo, Martin A.",[],0
2258,"Ruth, Earl B.",[],0
2259,"Rutherford, John H.",['John Rutherford'],1
2260,"Ryan, Leo J.",[],0
2261,"Ryan, Patrick",[],0
2262,"Ryan, Paul D.",[],0
2263,"Ryan, Tim",['Tim Ryan'],1
2264,"Ryun, Jim",['Jim Ryun'],1
2265,"Sablan, Gregorio Kilili Camacho",[],0
2266,"Sabo, Martin Olav",['Martin Olav Sabo'],1
2267,"Saiki, Patricia",[],0
2268,"Salazar, John T.",[],0
2269,"Salazar, Ken",['Ken Salazar'],1
2270,"Salazar, Maria Elvira",[],0
2271,"Sali, Bill",[],0
2272,"Salinas, Andrea",['Andrea Salinas'],1
2273,"Salmon, Matt",['Matt Salmon'],1
2274,"Salmon, Matt",['Matt Salmon'],1
2275,"San Nicolas, Michael F. Q.",[],0
2276,"Sánchez, Linda T.",[],0
2277,"Sanchez, Loretta",['Loretta Sanchez'],1
2278,"Sanders, Bernard",[],0
2279,"Sanders, Bernard",[],0
2280,"Sandlin, Max",[],0
2281,"Sandman, Charles W., Jr.",[],0
2282,"Sanford, Mark",[],0
2283,"Sanford, Mark",[],0
2284,"Sanford, Terry",['Terry Sanford'],1
2285,"Sangmeister, George E.",[],0
2286,"Santini, James D.",[],0
2287,"Santorum, Rick",['Rick Santorum'],1
2288,"Santorum, Rick",['Rick Santorum'],1
2289,"Santos, George",[],0
2290,"Sarasin, Ronald A.",[],0
2291,"Sarbanes, John P.",[],0
2292,"Sarbanes, Paul S.",[],0
2293,"Sarbanes, Paul S.",[],0
2294,"Sarpalius, Bill",['Bill Sarpalius'],1
2295,"Sasse, Ben",['Ben Sasse'],1
2296,"Sasser, Jim",[],0
2297,"Satterfield, David E., III",[],0
2298,"Savage, Gus",[],0
2299,"Sawyer, Harold S.",[],0
2300,"Sawyer, Tom",['Tom Sawyer'],1
2301,"Saxbe, William B.",[],0
2302,"Saxton, Jim",['Jim Saxton'],1
2303,"Saylor, John P.",[],0
2304,"Scalise, Steve",['Steve Scalise'],1
2305,"Scanlon, Mary Gay",[],0
2306,"Scarborough, Joe",['Joe Scarborough'],1
2307,"Schaefer, Dan",[],0
2308,"Schaffer, Bob",[],0
2309,"Schakowsky, Janice D.",[],0
2310,"Schatz, Brian",['Brian Schatz'],1
2311,"Schauer, Mark H.",['Mark Schauer'],1
2312,"Schenk, Lynn",['Lynn Schenk'],1
2313,"Scherle, William J.",[],0
2314,"Scheuer, James H.",[],0
2315,"Scheuer, James H.",[],0
2316,"Schiff, Adam B.",[],0
2317,"Schiff, Adam B.",[],0
2318,"Schiff, Steven",['Steven Schiff'],1
2319,"Schilling, Robert T.",[],0
2320,"Schmidt, Derek",['Derek Schmidt'],1
2321,"Schmidt, Jean",['Jean Schmidt'],1
2322,"Schmitt, Eric",['Eric Schmitt'],1
2323,"Schmitt, Harrison H.",[],0
2324,"Schneebeli, Herman T.",[],0
2325,"Schneider, Bradley Scott",[],0
2326,"Schneider, Bradley Scott",[],0
2327,"Schneider, Claudine",[],0
2328,"Schock, Aaron",['Aaron Schock'],1
2329,"Scholten, Hillary J.",[],0
2330,"Schrader, Kurt",['Kurt Schrader'],1
2331,"Schrier, Kim",['Kim Schrier'],1
2332,"Schrock, Edward L.",[],0
2333,"Schroeder, Patricia",[],0
2334,"Schuette, Bill",[],0
2335,"Schulze, Richard T.",[],0
2336,"Schumer, Charles E.",[],0
2337,"Schumer, Charles E.",[],0
2338,"Schwartz, Allyson Y.",[],0
2339,"Schweiker, Richard S.",[],0
2340,"Schweiker, Richard S.",[],0
2341,"Schweikert, David",['David Schweikert'],1
2342,"Scott, Austin",['Austin Scott'],1
2343,"Scott, David",['David Scott'],1
2344,"Scott, Hugh",[],0
2345,"Scott, Hugh",[],0
2346,"Scott, Hugh",[],0
2347,"Scott, Rick",['Rick Scott'],1
2348,"Scott, Tim",['Tim Scott'],1
2349,"Scott, Tim",['Tim Scott'],1
2350,"Scott, William Lloyd",[],0
2351,"Scott, William Lloyd",[],0
2352,"Seastrand, Andrea H.",['Andrea Seastrand'],1
2353,"Sebelius, Keith G.",[],0
2354,"Seiberling, John F.",[],0
2355,"Sekula Gibbs, Shelley",[],0
2356,"Self, Keith",['Keith Self'],1
2357,"Sempolinski, Joseph",[],0
2358,"Sensenbrenner, F. James, Jr.",[],0
2359,"Serrano, Jose E.",[],0
2360,"Sessions, Jeff",[],0
2361,"Sessions, Pete",['Pete Sessions'],1
2362,"Sessions, Pete",['Pete Sessions'],1
2363,"Sestak, Joe",[],0
2364,"Sewell, Terri A.",[],0
2365,"Seymour, John",['John Seymour'],1
2366,"Shadegg, John B.",[],0
2367,"Shaheen, Jeanne",['Jeanne Shaheen'],1
2368,"Shalala, Donna E.",[],0
2369,"Shamansky, Bob",['Bob Shamansky'],1
2370,"Shannon, James M.",[],0
2371,"Sharp, Philip R.",[],0
2372,"Shaw, E. Clay, Jr.","['E. Clay Shaw, Jr.']",1
2373,"Shays, Christopher",['Christopher Shays'],1
2374,"Shea-Porter, Carol",['Carol Shea-Porter'],1
2375,"Shea-Porter, Carol",['Carol Shea-Porter'],1
2376,"Shea-Porter, Carol",['Carol Shea-Porter'],1
2377,"Sheehy, Tim",['Tim Sheehy'],1
2378,"Shelby, Richard C.",[],0
2379,"Shelby, Richard C.",[],0
2380,"Shepherd, Karen",['Karen Shepherd'],1
2381,"Sherman, Brad",['Brad Sherman'],1
2382,"Sherrill, Mikie",['Mikie Sherrill'],1
2383,"Sherwood, Don",[],0
2384,"Shimkus, John",['John Shimkus'],1
2385,"Shipley, George E.",[],0
2386,"Shoup, Dick",[],0
2387,"Shows, Ronnie",['Ronnie Shows'],1
2388,"Shreve, Jefferson",['Jefferson Shreve'],1
2389,"Shriver, Garner E.",[],0
2390,"Shuler, Heath",['Heath Shuler'],1
2391,"Shumway, Norman D.",[],0
2392,"Shuster, Bill",['Bill Shuster'],1
2393,"Shuster, Bud",[],0
2394,"Sikes, Robert L. F.",[],0
2395,"Sikorski, Gerry E.",[],0
2396,"Siljander, Mark D.",[],0
2397,"Simmons, Rob",[],0
2398,"Simon, Lateefah",['Lateefah Simon'],1
2399,"Simon, Paul",[],0
2400,"Simon, Paul",[],0
2401,"Simpson, Alan K.",[],0
2402,"Simpson, Michael K.",[],0
2403,"Sinema, Kyrsten",['Kyrsten Sinema'],1
2404,"Sinema, Kyrsten",['Kyrsten Sinema'],1
2405,"Sires, Albio",['Albio Sires'],1
2406,"Sisisky, Norman",['Norman Sisisky'],1
2407,"Sisk, B. F.",[],0
2408,"Skaggs, David E.",[],0
2409,"Skeen, Joe",[],0
2410,"Skelton, Ike",['Ike Skelton'],1
2411,"Skubitz, Joe",[],0
2412,"Slack, John",[],0
2413,"Slattery, Jim",['Jim Slattery'],1
2414,"Slaughter, D. French, Jr.",[],0
2415,"Slaughter, Louise McIntosh",[],0
2416,"Slotkin, Elissa",['Elissa Slotkin'],1
2417,"Slotkin, Elissa",['Elissa Slotkin'],1
2418,"Smith, Adam",['Adam Smith'],1
2419,"Smith, Adrian",['Adrian Smith'],1
2420,"Smith, Albert L., Jr.",[],0
2421,"Smith, Bob",['Bob Smith'],1
2422,"Smith, Bob",['Bob Smith'],1
2423,"Smith, Christopher H.",[],0
2424,"Smith, Denny",[],0
2425,"Smith, Gordon H.",['Gordon Smith'],1
2426,"Smith, Henry P., III",[],0
2427,"Smith, Jason",['Jason Smith'],1
2428,"Smith, Joseph F.",[],0
2429,"Smith, Lamar",['Lamar Smith'],1
2430,"Smith, Larkin",[],0
2431,"Smith, Lawrence",[],0
2432,"Smith, Linda",['Linda Smith'],1
2433,"Smith, Neal Edward",[],0
2434,"Smith, Nick",['Nick Smith'],1
2435,"Smith, Peter",[],0
2436,"Smith, Robert",['Robert Smith'],1
2437,"Smith, Robert",['Robert Smith'],1
2438,"Smith, Tina",['Tina Smith'],1
2439,"Smith, Virginia",[],0
2440,"Smucker, Lloyd",['Lloyd Smucker'],1
2441,"Snowbarger, Vince",[],0
2442,"Snowe, Olympia J.",[],0
2443,"Snowe, Olympia J.",[],0
2444,"Snyder, Vic",['Vic Snyder'],1
2445,"Sodrel, Michael E.",[],0
2446,"Solarz, Stephen J.",[],0
2447,"Solis, Hilda L.",[],0
2448,"Solomon, Gerald B. H.",['Gerald B.H. Solomon'],1
2449,"Sorensen, Eric",['Eric Sorensen'],1
2450,"Soto, Darren",['Darren Soto'],1
2451,"Souder, Mark E.",[],0
2452,"Southerland, Steve II",[],0
2453,"Space, Zachary T.",[],0
2454,"Spanberger, Abigail Davis",[],0
2455,"Spano, Ross",['Ross Spano'],1
2456,"Sparkman, John J.",[],0
2457,"Sparkman, John J.",[],0
2458,"Spartz, Victoria",['Victoria Spartz'],1
2459,"Specter, Arlen",['Arlen Specter'],1
2460,"Speier, Jackie",['Jackie Speier'],1
2461,"Spellman, Gladys Noon",[],0
2462,"Spence, Floyd",[],0
2463,"Spratt, John M., Jr.",[],0
2464,"St Germain, Fernand J.",[],0
2465,"Stabenow, Debbie",['Debbie Stabenow'],1
2466,"Stabenow, Debbie",['Debbie Stabenow'],1
2467,"Stack, Edward J.",[],0
2468,"Stafford, Robert T.",[],0
2469,"Stafford, Robert T.",[],0
2470,"Staggers, Harley O.",[],0
2471,"Staggers, Harley O., Jr.",[],0
2472,"Stallings, Richard H.",['Richard Stallings'],1
2473,"Stangeland, Arlan",[],0
2474,"Stansbury, Melanie A.",[],0
2475,"Stanton, Greg",['Greg Stanton'],1
2476,"Stanton, J. William",[],0
2477,"Stanton, James V.",[],0
2478,"Stark, Fortney Pete",[],0
2479,"Staton, David Michael",[],0
2480,"Stauber, Pete",[],0
2481,"Stearns, Cliff",['Cliff Stearns'],1
2482,"Steed, Tom",[],0
2483,"Steel, Michelle",['Michelle Steel'],1
2484,"Steele, Robert H.",[],0
2485,"Steelman, Alan",[],0
2486,"Steers, Newton I., Jr.",[],0
2487,"Stefanik, Elise M.",[],0
2488,"Steiger, Sam",[],0
2489,"Steiger, William A.",[],0
2490,"Steil, Bryan",['Bryan Steil'],1
2491,"Stenholm, Charles W.",['Charles Stenholm'],1
2492,"Stennis, John C.",[],0
2493,"Stephens, Robert G., Jr.",[],0
2494,"Steube, W. Gregory",[],0
2495,"Stevens, Haley M.",[],0
2496,"Stevens, Ted",['Ted Stevens'],1
2497,"Stevenson, Adlai E., III",[],0
2498,"Stewart, Bennett McVey",[],0
2499,"Stewart, Chris",['Chris Stewart'],1
2500,"Stewart, Donald",[],0
2501,"Stivers, Steve",['Steve Stivers'],1
2502,"Stockman, David A.",[],0
2503,"Stockman, Steve",['Steve Stockman'],1
2504,"Stockman, Steve",['Steve Stockman'],1
2505,"Stokes, Louis",['Louis Stokes'],1
2506,"Strang, Michael L.",[],0
2507,"Strange, Luther",[],0
2508,"Stratton, Samuel S.",[],0
2509,"Strickland, Marilyn",['Marilyn Strickland'],1
2510,"Strickland, Ted",['Ted Strickland'],1
2511,"Strickland, Ted",['Ted Strickland'],1
2512,"Strong, Dale W.",['Dale Strong'],1
2513,"Stubblefield, Frank A.",[],0
2514,"Studds, Gerry E.",[],0
2515,"Stump, Bob",['Bob Stump'],1
2516,"Stupak, Bart",['Bart Stupak'],1
2517,"Stutzman, Marlin A.",[],0
2518,"Stutzman, Marlin A.",[],0
2519,"Subramanyam, Suhas",['Suhas Subramanyam'],1
2520,"Sullivan, Dan",['Dan Sullivan'],1
2521,"Sullivan, John",['John Sullivan'],1
2522,"Sundquist, Don",['Don Sundquist'],1
2523,"Sunia, Foto I. F.",[],0
2524,"Sununu, John E.",[],0
2525,"Sununu, John E.",[],0
2526,"Suozzi, Thomas R.",[],0
2527,"Sutton, Betty",['Betty Sutton'],1
2528,"Swalwell, Eric",['Eric Swalwell'],1
2529,"Sweeney, David McCann",[],0
2530,"Sweeney, John E.",[],0
2531,"Swett, Dick",['Dick Swett'],1
2532,"Swift, Al",['Al Swift'],1
2533,"Swindall, Patrick L.",[],0
2534,"Sykes, Emilia Strong",[],0
2535,"Symington, James W.",[],0
2536,"Symington, Stuart",[],0
2537,"Symms, Steven D.",[],0
2538,"Symms, Steven D.",[],0
2539,"Synar, Mike",['Mike Synar'],1
2540,"Taft, Robert, Jr.",[],0
2541,"Taft, Robert, Jr.",[],0
2542,"Taft, Robert, Jr.",[],0
2543,"Takai, Mark",['Mark Takai'],1
2544,"Takano, Mark",['Mark Takano'],1
2545,"Talcott, Burt L.",[],0
2546,"Talent, Jim",[],0
2547,"Talent, Jim",[],0
2548,"Talmadge, Herman E.",[],0
2549,"Tancredo, Thomas G.",[],0
2550,"Tanner, John S.",[],0
2551,"Tate, Randy",['Randy Tate'],1
2552,"Tauke, Thomas Joseph",[],0
2553,"Tauscher, Ellen O.",[],0
2554,"Taylor, Charles H.",['Charles Taylor'],1
2555,"Taylor, David J.",[],0
2556,"Taylor, G.",[],0
2557,"Taylor, Gene",['Gene Taylor'],1
2558,"Taylor, Roy A.",[],0
2559,"Taylor, Scott",['Scott Taylor'],1
2560,"Taylor, Van",['Van Taylor'],1
2561,"Teague, Charles M.",[],0
2562,"Teague, Harry",['Harry Teague'],1
2563,"Teague, Olin E.",[],0
2564,"Tejeda, Frank",['Frank Tejeda'],1
2565,"Tenney, Claudia",['Claudia Tenney'],1
2566,"Tenney, Claudia",['Claudia Tenney'],1
2567,"Terry, Lee",['Lee Terry'],1
2568,"Tester, Jon",['Jon Tester'],1
2569,"Thanedar, Shri",['Shri Thanedar'],1
2570,"Thomas, Craig",['Craig Thomas'],1
2571,"Thomas, Craig",['Craig Thomas'],1
2572,"Thomas, Lindsay",[],0
2573,"Thomas, William M.",[],0
2574,"Thompson, Bennie G.",[],0
2575,"Thompson, Frank, Jr.",[],0
2576,"Thompson, Fred",['Fred Thompson'],1
2577,"Thompson, Glenn",[],0
2578,"Thompson, Mike",['Mike Thompson'],1
2579,"Thomson, Vernon W.",[],0
2580,"Thone, Charles",[],0
2581,"Thornberry, Mac",['Mac Thornberry'],1
2582,"Thornton, Ray",['Ray Thornton'],1
2583,"Thornton, Ray",['Ray Thornton'],1
2584,"Thune, John",['John Thune'],1
2585,"Thune, John",['John Thune'],1
2586,"Thurman, Karen L.",[],0
2587,"Thurmond, Strom",['Strom Thurmond'],1
2588,"Tiahrt, Todd",['Todd Tiahrt'],1
2589,"Tiberi, Patrick J.",[],0
2590,"Tiernan, Robert O.",[],0
2591,"Tierney, John F.",[],0
2592,"Tiffany, Thomas P.",[],0
2593,"Tillis, Thomas",[],0
2594,"Timmons, William R.",[],0
2595,"Tipton, Scott R.",[],0
2596,"Titus, Dina",['Dina Titus'],1
2597,"Titus, Dina",['Dina Titus'],1
2598,"Tlaib, Rashida",['Rashida Tlaib'],1
2599,"Tokuda, Jill N.",[],0
2600,"Tonko, Paul",['Paul Tonko'],1
2601,"Tonry, Richard A.",[],0
2602,"Toomey, Patrick",[],0
2603,"Toomey, Patrick",[],0
2604,"Torkildsen, Peter G.",[],0
2605,"Torres Small, Xochitl",[],0
2606,"Torres, Esteban Edward",['Esteban Edward Torres'],1
2607,"Torres, Norma J.",[],0
2608,"Torres, Ritchie",['Ritchie Torres'],1
2609,"Torricelli, Robert G.",[],0
2610,"Torricelli, Robert G.",[],0
2611,"Towell, David",['David Daly'],1
2612,"Tower, John G.",[],0
2613,"Towns, Edolphus",[],0
2614,"Traficant, James A., Jr.",[],0
2615,"Trahan, Lori",['Lori Trahan'],1
2616,"Tran, Derek",['Derek Tran'],1
2617,"Traxler, Bob",[],0
2618,"Treen, David C.",[],0
2619,"Trible, Paul S., Jr.",[],0
2620,"Trible, Paul S., Jr.",[],0
2621,"Trone, David J.",[],0
2622,"Trott, David A.",[],0
2623,"Tsongas, Niki",['Niki Tsongas'],1
2624,"Tsongas, Paul E.",[],0
2625,"Tsongas, Paul E.",[],0
2626,"Tuberville, Tommy",['Tommy Tuberville'],1
2627,"Tucker, Walter R., III",[],0
2628,"Tunney, John V.",[],0
2629,"Tunney, John V.",[],0
2630,"Turner, Jim",['Jimmy Turner'],1
2631,"Turner, Michael R.",[],0
2632,"Turner, Robert L.",[],0
2633,"Turner, Sylvester",['Sylvester Turner'],1
2634,"Udall, Mark",['Mark Udall'],1
2635,"Udall, Mark",['Mark Udall'],1
2636,"Udall, Morris K.",[],0
2637,"Udall, Tom",['Tom Udall'],1
2638,"Udall, Tom",['Tom Udall'],1
2639,"Ullman, Al",[],0
2640,"Underwood, Lauren",['Lauren Underwood'],1
2641,"Underwood, Robert A.",[],0
2642,"Unsoeld, Jolene",['Jolene Unsoeld'],1
2643,"Upton, Fred",['Fred Upton'],1
2644,"Valadao, David G.",[],0
2645,"Valadao, David G.",[],0
2646,"Valentine, Tim",[],0
2647,"Van Deerlin, Lionel",[],0
2648,"Van Drew, Jefferson",[],0
2649,"Van Duyne, Beth",[],0
2650,"Van Hollen, Chris",[],0
2651,"Van Hollen, Chris",[],0
2652,"Van Orden, Derrick",[],0
2653,"Vance, J. D.",[],0
2654,"Vander Jagt, Guy",[],0
2655,"Vander Veen, Richard F.",[],0
2656,"Vandergriff, Tommy J.",[],0
2657,"Vanik, Charles A.",[],0
2658,"Vargas, Juan",['Juan Vargas'],1
2659,"Vasquez, Gabe",['Gabe Vasquez'],1
2660,"Veasey, Marc A.",[],0
2661,"Vela, Filemon",[],0
2662,"Velázquez, Nydia M.",[],0
2663,"Vento, Bruce F.",[],0
2664,"Veysey, Victor V.",[],0
2665,"Vigorito, Joseph P.",[],0
2666,"Vindman, Eugene Simon",[],0
2667,"Visclosky, Peter J.",[],0
2668,"Vitter, David",['David Vitter'],1
2669,"Vitter, David",['David Vitter'],1
2670,"Voinovich, George V.",[],0
2671,"Volkmer, Harold L.",[],0
2672,"Vucanovich, Barbara F.",[],0
2673,"Waggonner, Joe D., Jr.",[],0
2674,"Wagner, Ann",['Ann Wagner'],1
2675,"Walberg, Tim",['Tim Walberg'],1
2676,"Walberg, Tim",['Tim Walberg'],1
2677,"Walden, Greg",['Greg Walden'],1
2678,"Waldholtz, Enid Greene",[],0
2679,"Waldie, Jerome R.",[],0
2680,"Waldon, Alton R., Jr.",[],0
2681,"Walgren, Doug",[],0
2682,"Walker, Mark",['Mark Walker'],1
2683,"Walker, Robert S.",[],0
2684,"Wallop, Malcolm",[],0
2685,"Walorski, Jackie",['Jackie Walorski'],1
2686,"Walsh, James T.",[],0
2687,"Walsh, Joe",['Joe Walsh'],1
2688,"Walsh, John E.",[],0
2689,"Walsh, William F.",[],0
2690,"Walters, Mimi",['Mimi Walters'],1
2691,"Waltz, Michael",[],0
2692,"Walz, Timothy J.",[],0
2693,"Wamp, Zach",['Zach Wamp'],1
2694,"Wampler, William C.",[],0
2695,"Wampler, William C.",[],0
2696,"Ward, Mike",[],0
2697,"Ware, John H.",[],0
2698,"Warner, John",['John Warner'],1
2699,"Warner, Mark R.",[],0
2700,"Warnock, Raphael G.",[],0
2701,"Warren, Elizabeth",['Elizabeth Warren'],1
2702,"Washington, Craig A.",[],0
2703,"Washington, Harold",[],0
2704,"Wasserman Schultz, Debbie",[],0
2705,"Waters, Maxine",['Maxine Waters'],1
2706,"Watkins, Steve",[],0
2707,"Watkins, Wes",[],0
2708,"Watkins, Wes",[],0
2709,"Watson Coleman, Bonnie",[],0
2710,"Watson, Diane E.",[],0
2711,"Watt, Melvin L.",[],0
2712,"Watts, J. C., Jr.",[],0
2713,"Waxman, Henry A.",[],0
2714,"Weaver, James H.",[],0
2715,"Webb, Jim",[],0
2716,"Weber, Ed",[],0
2717,"Weber, Randy K. Sr.",[],0
2718,"Weber, Vin",[],0
2719,"Webster, Daniel",['Daniel Webster'],1
2720,"Weicker, Lowell P., Jr.",[],0
2721,"Weicker, Lowell P., Jr.",[],0
2722,"Weiner, Anthony D.",[],0
2723,"Weiss, Ted",[],0
2724,"Welch, Peter",['Peter Welch'],1
2725,"Welch, Peter",['Peter Welch'],1
2726,"Weldon, Curt",[],0
2727,"Weldon, Dave",[],0
2728,"Weller, Jerry",[],0
2729,"Wellstone, Paul D.",[],0
2730,"Wenstrup, Brad R.",[],0
2731,"West, Allen B.",[],0
2732,"Westerman, Bruce",['Bruce Westerman'],1
2733,"Westmoreland, Lynn A.",[],0
2734,"Wexler, Robert",['Robert Wexler'],1
2735,"Wexton, Jennifer",['Jennifer Wexton'],1
2736,"Weygand, Robert A.",[],0
2737,"Whalen, Charles W., Jr.",[],0
2738,"Wheat, Alan",['Alan Wheat'],1
2739,"White, Richard C.",[],0
2740,"White, Rick",['Rick White'],1
2741,"Whitehouse, Sheldon",['Sheldon Whitehouse'],1
2742,"Whitehurst, G. William",[],0
2743,"Whitesides, George",['George Whitesides'],1
2744,"Whitfield, Ed",['Ed Whitfield'],1
2745,"Whitley, Charles O., Sr.",[],0
2746,"Whittaker, Bob",[],0
2747,"Whitten, Jamie L.",[],0
2748,"Whitten, Jamie L.",[],0
2749,"Wicker, Roger F.",[],0
2750,"Wicker, Roger F.",[],0
2751,"Widnall, William B.",[],0
2752,"Wied, Tony",['Tony Wied'],1
2753,"Wiggins, Charles E.",[],0
2754,"Wild, Susan",['Susan Wild'],1
2755,"Williams, Brandon",['Brandon Williams'],1
2756,"Williams, Harrison A., Jr.",[],0
2757,"Williams, Harrison A., Jr.",[],0
2758,"Williams, Lawrence G.",[],0
2759,"Williams, Lyle",['Lily Williams'],1
2760,"Williams, Nikema",['Nikema Williams'],1
2761,"Williams, Pat",['Pat Williams'],1
2762,"Williams, Roger",['Roger Williams'],1
2763,"Wilson, Charles",['Charles Wilson'],1
2764,"Wilson, Charles A.",[],0
2765,"Wilson, Charles H.",['Charles Wilson'],1
2766,"Wilson, Frederica S.",[],0
2767,"Wilson, Heather",['Heather Wilson'],1
2768,"Wilson, Joe",[],0
2769,"Wilson, Pete",[],0
2770,"Wilson, Robert C.",[],0
2771,"Winn, Larry, Jr.",[],0
2772,"Wirth, Timothy",[],0
2773,"Wirth, Timothy",[],0
2774,"Wise, Robert E., Jr.",[],0
2775,"Wittman, Robert J.",[],0
2776,"Wofford, Harris",[],0
2777,"Wolf, Frank R.",[],0
2778,"Wolff, Lester L.",[],0
2779,"Wolpe, Howard E.",[],0
2780,"Womack, Steve",['Steve Womack'],1
2781,"Won Pat, Antonio B.",[],0
2782,"Woodall, Rob",['Rob Woodall'],1
2783,"Woolsey, Lynn C.",[],0
2784,"Wortley, George C.",[],0
2785,"Wright, James C., Jr.",[],0
2786,"Wright, Ron",['Ron Wright'],1
2787,"Wu, David",['David Wu'],1
2788,"Wyatt, Joe, Jr.",[],0
2789,"Wyatt, Wendell",[],0
2790,"Wyden, Ron",['Ron Wyden'],1
2791,"Wyden, Ron",['Ron Wyden'],1
2792,"Wydler, John W.",[],0
2793,"Wylie, Chalmers P.",[],0
2794,"Wyman, Louis C.",[],0
2795,"Wyman, Louis C.",[],0
2796,"Wyman, Louis C.",[],0
2797,"Wynn, Albert Russell",[],0
2798,"Yakym, Rudy",[],0
2799,"Yarmuth, John A.",[],0
2800,"Yates, Sidney R.",[],0
2801,"Yates, Sidney R.",[],0
2802,"Yatron, Gus",[],0
2803,"Yoder, Kevin",['Kevin Yoder'],1
2804,"Yoho, Ted S.",[],0
2805,"Young, Andrew",[],0
2806,"Young, C. W. Bill",[],0
2807,"Young, David",['David Young'],1
2808,"Young, Don",[],0
2809,"Young, Edward",[],0
2810,"Young, John",[],0
2811,"Young, Milton R.",[],0
2812,"Young, Robert A.",[],0
2813,"Young, Samuel H.",[],0
2814,"Young, Todd",['Todd Young'],1
2815,"Young, Todd",['Todd Young'],1
2816,"Zablocki, Clement J.",[],0
2817,"Zeferetti, Leo C.",[],0
2818,"Zeldin, Lee M.",[],0
2819,"Zeliff, William H., Jr.",[],0
2820,"Zimmer, Dick",[],0
2821,"Zinke, Ryan K.",[],0
2822,"Zinke, Ryan K.",[],0
2823,"Zion, Roger H.",[],0
2824,"Zorinsky, Edward",[],0
2825,"Zschau, Edwin V. W.",[],0
2826,"Zwach, John M.",[],0
